"txn_hash","chain","functioncall_count","address_count","max_depth","gas_cost","class","vuln_type","analysis","swc_registry_classification","dasp_classification","uncategorized"
"0xbea605b238c85aabe5edc636219155d8c4879d6b05c48091cf1f7286bd4702ba","bsc","2","2","2","30576","Moderate","Improper Access Control Of Close-Source Contract","[""https://twitter.com/numencyber/status/1661213691893944320""]","","Access Control",""
"0x0237855c63eb85c5f437fba5267cc869a08c58a49501e3e5ebec9990bdd97565","bsc","2","1","2","46839","Moderate","Compoundv2 Inflation Attack","[""https://twitter.com/AnciliaInc/status/1741353303542501455""]","","Arithmetic Issues",""
"0x57b589f631f8ff20e2a89a649c4ec2e35be72eaecf155fdfde981c0fec2be5ba","bsc","2","2","2","47405","Moderate","Improper Access Control Of Close-Source Contract","[""https://twitter.com/numencyber/status/1661213691893944320""]","","Access Control",""
"0x20ecd8310a2cc7f7774aa5a045c8a99ad84a8451d6650f24e0911e9f4355b13a","bsc","1","1","1","47761","Moderate","Business Logic Flaw","[""https://app.blocksec.com/explorer/tx/bsc/0x20ecd8310a2cc7f7774aa5a045c8a99ad84a8451d6650f24e0911e9f4355b13a""]","","Unknown Unknowns",""
"0x90b468608fbcc7faef46502b198471311baca3baab49242a4a85b73d4924379b","eth","12","3","4","58349","Moderate","Arbitrary External Call","[""https://twitter.com/MevRefund/status/1622793836291407873"", ""https://twitter.com/peckshield/status/1622801412727148544""]","SWC-112(Delegatecall to Untrusted Callee)","",""
"0xb61413c495fdad6114a7aa863a00b2e3c28945979a10885b12b30316ea9f072c","eth","3","3","3","60981","Moderate","Phishing Attack","[""https://x.com/zachxbt/status/1893211577836302365"", ""https://x.com/SlowMist_Team/status/1892963250385592345"", ""https://x.com/PatrickAlphaC/status/1893215304135618759""]","","","uncategorized_social_engineering"
"0x3ed75df83d907412af874b7998d911fdf990704da87c2b1a8cf95ca5d21504cf","eth","11","3","4","64853","Moderate","No Input Validation","[""https://twitter.com/peckshield/status/1583416829237526528"", ""https://blog.solidityscan.com/olympus-dao-hack-analysis-f07d2a64f5ee"", ""https://mirror.xyz/0xbanky.eth/c7G9ZfTB8pzQ5cCMw5UhdFehmR6l0fVqd_B-ZuXz2_o""]","","","uncategorized_input_validation"
"0x23fcf9d4517f7cc39815b09b0a80c023ab2c8196c826c93b4100f2e26b701286","eth","6","3","4","68921","Moderate","Arbitrary External Call","[""https://twitter.com/Phalcon_xyz/status/1763045563040411876""]","SWC-112(Delegatecall to Untrusted Callee)","",""
"0x46deef0f52e3a983b67abf4714448a41dd7ffd6d32d32da69d62081c68ad7882","eth","8","3","3","70224","Moderate","Phishing Attack","[""https://x.com/zachxbt/status/1893211577836302365"", ""https://x.com/SlowMist_Team/status/1892963250385592345"", ""https://x.com/PatrickAlphaC/status/1893215304135618759""]","","","uncategorized_social_engineering"
"0xac7292e7d0ec8ebe1c94203d190874b2aab30592327b6cc875d00f18de6f3133","eth","5","5","5","71514","Moderate","Bridge Address(0).Safetransferfrom() Does Not Revert","[""https://twitter.com/QubitFin/status/1486965562903531522""]","SWC-104(Unchecked Call Return Value)","Unchecked Return Values For Low Level Calls",""
"0x2606d459a50ca4920722a111745c2eeced1d8a01ff25ee762e22d5d4b1595739","eth","9","3","4","76113","Moderate","Logic Flaw","[""https://medium.com/@CUBE3AI/hedgey-finance-hack-detected-by-cube3-ai-minutes-before-exploit-1f500e7052d4"", ""https://twitter.com/Cube3AI/status/1781294512716820918""]","SWC-123(Requirement Violation)","",""
"0xc0be8c3792a5b1ba7d653dc681ff611a5b79a75fe51c359cf1aac633e9441574","eth","7","4","4","87076","Moderate","Lack Of Validation","[""https://app.blocksec.com/explorer/tx/eth/0xa4d7ee2ddb9db06961a17e2a5ae71743a266bcb720be138670f4a10e8dfc13e9""]","","","uncategorized_input_validation"
"0x491cf8b2a5753fdbf3096b42e0a16bc109b957dc112d6537b1ed306e483d0744","eth","15","5","6","94925","Moderate","Incorrect Input Validation","[""https://x.com/shoucccc/status/1815981585637990899""]","","","uncategorized_input_validation"
"0xfc872bf5ca8f04b18b82041ec563e4abf2e31e1fc27d1ea5dee39bc8a79d2d06","eth","10","3","4","98786","Moderate","Lack Of Access Control","[""https://x.com/DecurityHQ/status/1680117291013267456""]","SWC-105(Unprotected Ether Withdrawal)","Access Control",""
"0x21d8b164f0cb8beb1ed27d164ed986c3fc26b33655ce18226b05b9cfcf6cd93c","bsc","21","3","4","101327","Complex","Arbitrary External Call","[""https://x.com/CertiKAlert/status/1779863821122691519"", ""https://x.com/ChainAegis/status/1780064080512143429"", ""https://github.com/Autosaida/DeFiHackAnalysis/blob/master/analysis/240415_ChaingeFinance.md""]","SWC-112(Delegatecall to Untrusted Callee)","",""
"0xc9b2cbc1437bbcd8c328b6d7cdbdae33d7d2a9ef07eca18b4922aac0430991e7","eth","4","3","4","102725","Complex","Business Logic Flaw","[""https://medium.com/@juicebotapp/juice-staking-exploit-next-steps-95e218b3ec71""]","","Unknown Unknowns",""
"0xf0a13b445674094c455de9e947a25bade75cac9f5176695fca418898ea25742f","eth","11","4","5","104801","Complex","Incorrect Access Control","[""https://twitter.com/numencyber/status/1669278694744150016?cxt=HHwWgMDS9Z2IvKouAAAA""]","","Access Control",""
"0x800a5b3178f680feebb81af69bd3dff791b886d4ce31615e601f2bb1f543bb2e","eth","21","5","6","111575","Complex","Incorrect Access Control","[""https://twitter.com/numencyber/status/1669278694744150016?cxt=HHwWgMDS9Z2IvKouAAAA""]","","Access Control",""
"0xdd0636e2598f4d7b74f364fedb38f334365fd956747a04a6dd597444af0bc1c0","eth","18","4","5","114546","Complex","Unverified External Call","[""https://twitter.com/Phalcon_xyz/status/1766274000534004187"", ""https://twitter.com/AnciliaInc/status/1766261463025684707""]","SWC-104(Unchecked Call Return Value)","Unchecked Return Values For Low Level Calls",""
"0x1194e1d6085885ce054a7ff8cd3cd0c3fa308ec87e4ccde8dd0549842fef4f1b","eth","8","3","4","114880","Complex","Lack-Of-Access-Control","[""https://x.com/SlowMist_Team/status/1808334870650970514""]","SWC-105(Unprotected Ether Withdrawal)","Access Control",""
"0x0b062361e16a2ea0942cc1b4462b6584208c8c864609ff73aaa640aaa2d92428","eth","36","13","9","138129","Complex","Flash Loan Attack","[""https://dodoexhelp.zendesk.com/hc/en-us/articles/900004851126-Important-update-regarding-recent-events-on-DODO""]","","","uncategorized_flash_loan"
"0x33479bcfbc792aa0f8103ab0d7a3784788b5b0e1467c81ffbed1b7682660b4fa","eth","7","4","5","140841","Complex","Underflow","[""https://twitter.com/ishwinder/status/1505555913658314761""]","SWC-101(Integer Overflow and Underflow)","Arithmetic Issues",""
"0x9f4ef3cc55b016ea6b867807a09f80d1b2e36f6cd6fccfaf0182f46060332c57","bsc","16","4","4","148842","Complex","Incorrect Signature Verification","[""https://bscscan.com/token/0xc342774492b54ce5f8ac662113ed702fc1b34972#code#L1257"", ""https://twitter.com/AnciliaInc/status/1582828751250784256"", ""https://twitter.com/peckshield/status/1582892058800685058""]","SWC-117(Signature Malleability)","",""
"0x8c3f442fc6d640a6ff3ea0b12be64f1d4609ea94edd2966f42c01cd9bdcf04b5","eth","10","4","4","173509","Complex","Insufficient Access Control","[""https://twitter.com/BlockSecTeam/status/1579843881893769222"", ""https://twitter.com/FrankResearcher/status/1579840347647414272"", ""https://twitter.com/spreekaway/status/1579836562338361345"", ""https://rekt.news/templedao-rekt/""]","","Access Control",""
"0xd9b3e229acc755881890394cc76fde0d7b83b1abd4d046b0f69c1fd9fd495ff6","eth","31","4","5","180919","Complex","Lack Of Validation Data","[""https://twitter.com/Phalcon_xyz/status/1758028270770250134""]","","","uncategorized_input_validation"
"0x3c09c6306b67737227edc24c663462d870e7c2bf39e9ab66877a980c900dd5d5","eth","19","7","6","190317","Complex","Storage Collision & Malicious Proposal","[""https://twitter.com/AudiusProject/status/1551000725169180672"", ""https://blog.audius.co/article/audius-governance-takeover-post-mortem-7-23-22"", ""https://twitter.com/1nf0s3cpt/status/1551050841146400768"", ""https://abmedia.io/20220724-audius-hacked-by-mal-governance-proposal"", ""https://twitter.com/BeosinAlert/status/1551041795735408641"", ""https://twitter.com/CertiKAlert/status/1551020421532770305"", ""https://twitter.com/MistTrack_io/status/1551204726661734400""]","SWC-124(Write to Arbitrary Storage Location)","",""
"0x998f1da472d927e74405b0aa1bbf5c1dbc50d74b39977bed3307ea2ada1f1d3f","eth","43","5","7","191309","Complex","Unverified External Call","[""https://x.com/CyversAlerts/status/1780593407871635538""]","SWC-104(Unchecked Call Return Value)","Unchecked Return Values For Low Level Calls",""
"0x35a73969f582872c25c96c48d8bb31c23eab8a49c19282c67509b96186734e60","eth","18","6","6","205473","Complex","Incorrect Access Control","[""https://medium.com/neptune-mutual/analysis-of-the-paraswap-exploit-1f97c604b4fe""]","","Access Control",""
"0x72a252277e30ea6a37d2dc9905c280f3bc389b87f72b81a59aa8f50baebd8eaa","eth","9","4","5","213714","Complex","Incorrect Reward Calculation","[""https://x.com/TenArmorAlert/status/1875582709512188394""]","","Unknown Unknowns",""
"0xa992b28ecf2eed778d20d5200946ea341b950be0c3d78b1f2237a4d8d795de95","eth","31","5","6","238750","Complex","Price Manipulation","[""https://medium.com/@Knownsec_Blockchain_Lab/knownsec-blockchain-lab-formation-fi-flash-loan-security-incident-analysis-8a24555f8356""]","","","uncategorized_oracle_manipulation"
"0x07e5568b71f1f4d9234d5925473c598865c5ee1800348c1c4b044c6f0223f308","eth","46","7","5","244921","Complex","Logic Flaw","[""https://twitter.com/Soda_finance/status/1307689921629560833""]","SWC-123(Requirement Violation)","",""
"0x48d22ea24c1ae707b8b17ca2a3ea81a1aee64a075d93e5bff81a7370e2cacea7","eth","46","7","5","259921","Complex","Incorrect Liquidation Calculation","[""https://anchainai.medium.com/soda-finance-hack-could-formal-verification-have-prevented-it-code-included-71b6e9f94ea5""]","","Unknown Unknowns",""
"0xdaccbc437cb07427394704fbcc8366589ffccf974ec6524f3483844b043f31d5","eth","112","7","5","290596","Complex","Arbitrary External Call","[""https://mirror.xyz/revertfinance.eth/3sdpQ3v9vEKiOjaHXUi3TdEfhleAXXlAEWeODrRHJtU""]","SWC-112(Delegatecall to Untrusted Callee)","",""
"0x138daa4cbeaa3db42eefcec26e234fc2c89a4aa17d6b1870fc460b2856fd11a6","eth","69","11","8","298633","Complex","Arbitrary External Call","[""https://twitter.com/peckshield/status/1626493024879673344"", ""https://twitter.com/MevRefund/status/1626450002254958592""]","SWC-112(Delegatecall to Untrusted Callee)","",""
"0x19c04bc04ee8117abfdf0c9301787b12b27f3c5c13308b4f66711a8f0ecacc62","eth","44","7","5","306134","Complex","Logic Flaw","[""https://twitter.com/Soda_finance/status/1307689921629560833""]","SWC-123(Requirement Violation)","",""
"0x8a8145ab28b5d2a2e61d74c02c12350731f479b3175893de2014124f998bff32","eth","101","13","9","315534","Complex","Protocol Token Incompatible","[""https://twitter.com/BlockSecTeam/status/1595346020237352960""]","","","uncategorized_token_specific"
"0xda8f6a4bed7e5689a343d111632d37480c0316f1d20b732803c4bd482823e284","eth","33","6","5","316348","Complex","Business Logic Flaw","[""https://x.com/ChainAegis/status/1802550962977964139""]","","Unknown Unknowns",""
"0x256979ae169abb7fbbbbc14188742f4b9debf48b48ad5b5207cadcc99ccb493b","eth","51","13","8","365349","Complex","Overpriced Asset In Oracle","[""https://x.com/omeragoldberg/status/1845515843787960661""]","","","uncategorized_oracle_manipulation"
"0xd4fafa1261f6e4f9c8543228a67caf9d02811e4ad3058a2714323964a8db61f6","eth","49","7","7","368666","Complex","Insufficient Validation Reentrancy","[""https://twitter.com/BlockSecTeam/status/1608372475225866240""]","SWC-107(Reentrancy)","Reentrancy",""
"0x6bfd9e286e37061ed279e4f139fbc03c8bd707a2cdd15f7260549052cbba79b7","eth","185","13","9","375210","Complex","Reentrancy","[""https://twitter.com/BlockSecTeam/status/1590960299246780417"", ""https://twitter.com/BeosinAlert/status/1591012525914861570"", ""https://twitter.com/AnciliaInc/status/1590839104731684865"", ""https://twitter.com/peckshield/status/1590831589004816384""]","SWC-107(Reentrancy)","Reentrancy",""
"0xeaef2831d4d6bca04e4e9035613be637ae3b0034977673c1c2f10903926f29c0","eth","126","7","5","392041","Complex","Arbitrary External Call","[""https://medium.com/neptune-mutual/decoding-brahma-brahtopg-smart-contract-vulnerability-7b7c364b79d8""]","SWC-112(Delegatecall to Untrusted Callee)","",""
"0x90fb0c9976361f537330a5617a404045ffb3fef5972cf67b531386014eeae7a9","eth","80","11","5","395733","Complex","Amm Price Manipulation Attack Via Bridge Configuration","[""https://slowmist.medium.com/slow-mist-sushiswap-was-attacked-for-the-second-time-a47f2d110a84""]","","","uncategorized_oracle_manipulation"
"0x6200bf5c43c214caa1177c3676293442059b4f39eb5dbae6cfd4e6ad16305668","eth","66","8","7","426803","Complex","Reflection Token","[""https://twitter.com/libevm/status/1618731761894309889""]","","","uncategorized_token_specific"
"0x4f4d6909a442b4d86f79a9044dcada6a128ddd9f62c26f410134a72d2fc31389","eth","100","10","8","430555","Complex","Arbitrary External Call","[""https://twitter.com/Phalcon_xyz/status/1717014871836098663"", ""https://twitter.com/BeosinAlert/status/1717013965203804457""]","SWC-112(Delegatecall to Untrusted Callee)","",""
"0x6fb7f8e9eb09d6ae17dbe82b2b42f46f64fb9c3197438b68ecf03e832d5fc791","eth","115","8","9","447332","Complex","Business Logic Flaw","[""https://x.com/ChainAegis/status/1775351437410918420""]","","Unknown Unknowns",""
"0x35ecf595864400696853c53edf3e3d60096639b6071cadea6076c9c6ceb921c1","eth","95","17","11","512472","Complex","Mevbot A47B","[""https://twitter.com/BlockSecTeam/status/1580779311862190080"", ""https://twitter.com/AnciliaInc/status/1580705036400611328""]","SWC-114(Transaction Order Dependence)","Front-Running",""
"0x09925028ce5d6a54801d04ff8f39e79af6c24289e84b301ddcdb6adfa51e901b","bsc","67","8","7","582128","Complex","Reflection Token","[""https://twitter.com/BeosinAlert/status/1622806011269771266""]","","","uncategorized_token_specific"
"0xc18ec2eb7d41638d9982281e766945d0428aaeda6211b4ccb6626ea7cff31f4a","eth","49","8","5","589066","Complex","Malicious Proposal Mint & Transfer Ownership","[""https://medium.com/xave-finance/post-mortem-safenap-dao-module-bug-505958e9c716"", ""https://gist.github.com/andreiashu/da5909a7230ff67a8c3b4018a9717276"", ""https://twitter.com/BeosinAlert/status/1579040051853303808"", ""https://twitter.com/AnciliaInc/status/1578952542926491650""]","","Access Control",""
"0xd927843e30c6b2bf43103d83bca6abead648eac3cad0d05b1b0eb84cd87de9b6","eth","167","6","6","594352","Complex","Flashloan","[""https://www.quadrigainitiative.com/hackfraudscam/ompxapplicationsmartcontractemptied.php""]","","","uncategorized_flash_loan"
"0xfe8bc757d87e97a5471378c90d390df47e1b29bb9fca918b94acd8ecfaadc598","eth","107","11","9","612296","Complex","Price Out Of Date","[""https://lunaray.medium.com/zenterest-hack-analysis-d69ffbeb07e1""]","","Time manipulation",""
"0x3d163bfbec5686d428a6d43e45e2626a220cc4fcfac7620c620b82c1f2537c78","eth","146","17","10","616504","Complex","Price-Caching Design Defect","[""https://eigenphi.substack.com/p/casting-a-magic-spell-on-abracadabra"", ""https://twitter.com/BlockSecTeam/status/1603633067876155393""]","","","uncategorized_oracle_manipulation"
"0xf1818f62c635e5c80ef16b7857da812c74ce330ebed46682b4d173bffe84c666","eth","86","13","8","696116","Complex","Price Manipulation","[""https://circleci.com/blog/jan-4-2023-incident-report/""]","","","uncategorized_oracle_manipulation"
"0x4019890fe5a5bd527cd3b9f7ee6d94e55b331709b703317860d028745e33a8ca","eth","107","17","7","712167","Complex","Business Logic Flaw","[""https://x.com/8olidity/status/1767470002566058088""]","","Unknown Unknowns",""
"0xa4e650772f6e6b7ecc0964fe4c3854850669d1467570a2fa2b6edfa0f112c4b7","eth","90","13","8","741465","Complex","Price Manipulation","[""https://www.linkedin.com/pulse/my-thoughts-circle-ci-friday-hack-post-mortem-ethan-heilman/""]","","","uncategorized_oracle_manipulation"
"0x7604c7dd6e9bcdba8bac277f1f8e7c1e4c6bb57afd4ddf6a16f629e8495a0281","eth","312","16","11","753984","Complex","TODO: Needs Annotation","[""https://twitter.com/PunkProtocol/status/1425220676382724098""]","","","oracle_manipulation"
"0xaf46a42fe1ed7193b25c523723dc047c7500e50a00ecb7bbb822d665adb3e1f3","eth","96","8","6","769208","Complex","Price Manipulation","[""https://twitter.com/hexagate_/status/1666051854386511873?cxt=HHwWgoC24bPVgJ8uAAAA""]","","","uncategorized_oracle_manipulation"
"0x597d11c05563611cb4ad4ed4c57ca53bbe3b7d3fefc37d1ef0724ad58904742b","eth","231","16","10","772690","Complex","TODO: Needs Annotation","[""https://twitter.com/PunkProtocol/status/1425220676382724098""]","","","oracle_manipulation"
"0xcdd93e37ba2991ce02d8ca07bf6563bf5cd5ae801cbbce3dd0babb22e30b2dbe","eth","177","16","12","773760","Complex","Price Manipulation","[""https://twitter.com/DecurityHQ/status/1692924369662513472""]","","","uncategorized_oracle_manipulation"
"0x0eb8f8d148508e752d9643ccf49ac4cb0c21cbad346b5bbcf2d06974d31bd5c4","eth","168","4","83","794646","Complex","Reentrancy && Business Logic Flaw","[""https://twitter.com/AnciliaInc/status/1757533144033739116""]","SWC-107(Reentrancy)","Reentrancy",""
"0xbd72bccec6dd824f8cac5d9a3a2364794c9272d7f7348d074b580e3c6e44312e","eth","71","6","6","831620","Complex","Business Logic Flaw","[""https://twitter.com/DecurityHQ/status/1698064511230464310""]","","Unknown Unknowns",""
"0xa6f63fcb6bec8818864d96a5b1bb19e8bd85ee37b2cc916412e720988440b2aa","eth","155","16","14","897331","Complex","Reentrancy","[""https://twitter.com/peckshield/status/1621337925228306433"", ""https://twitter.com/BlockSecTeam/status/1621263393054420992"", ""https://www.numencyber.com/analysis-of-orionprotocol-reentrancy-attack-with-poc/"", ""https://github.com/SunWeb3Sec/DeFiHackLabs#20221223---defrost---reentrancy"", ""https://github.com/SunWeb3Sec/DeFiHackLabs#20221110---dfxfinance---reentrancy""]","SWC-107(Reentrancy)","Reentrancy",""
"0x3f1973fe56de5ecd59a815d3b14741cf48385903b0ccfe248f7f10c2765061f7","bsc","28","5","5","913452","Complex","Access Control","[""https://twitter.com/peckshield/status/1654667621139349505""]","","Access Control",""
"0x2e832f044b4a0a0b8d38166fe4d781ab330b05b9efa9e72a7a0895f1b984084b","eth","158","6","5","922911","Complex","Reflection Token","[""https://github.com/Autosaida/DeFiHackAnalysis/blob/master/analysis/230119_SHOCO.md""]","","","uncategorized_token_specific"
"0xb36486f032a450782d5d2fac118ea90a6d3b08cac3409d949c59b43bcd6dbb8f","eth","215","18","9","970085","Complex","Business Logic Flaw","[""https://quillaudits.medium.com/decoding-elastic-swaps-850k-exploit-quillaudits-9ceb7fcd8d1a""]","","Unknown Unknowns",""
"0xaee0f8d1235584a3212f233b655f87b89f22f1d4890782447c4ef742b37af58d","eth","176","19","12","980821","Complex","Oracle Bad Price","[""https://debank.com/profile/0x2f99fb66ea797e7fa2d07262402ab38bd5e53b12"", ""https://twitter.com/0xLEVI104/status/1762092203894276481""]","","","uncategorized_oracle_manipulation"
"0x24a68d2a4bbb02f398d3601acfd87b09f543d935fc24862c314aaf64c295acdb","bsc","39","6","5","1012928","Exceptionally Complex","Reflection Tokens","[""https://twitter.com/DecurityHQ/status/1671803688996806656""]","","","uncategorized_token_specific"
"0x873f7c77d5489c1990f701e9bb312c103c5ebcdcf0a472db726730814bfd55f3","eth","451","8","9","1049170","Exceptionally Complex","Incorrect Logic Check","[""https://x.com/BlockSecTeam/status/1557195012042936320""]","SWC-123(Requirement Violation)","",""
"0xcbe521aea28911fe9983030748028e12541e347b8b6b974d026fa5065c22f0cf","eth","409","3","5","1088324","Exceptionally Complex","Arbitrary External Call","[""https://twitter.com/PeckShieldAlert/status/1719251390319796477""]","SWC-112(Delegatecall to Untrusted Callee)","",""
"0x4c684fb2618c29743531dec9253ede1b757bda0b323dc2f305e3b50ab1773da7","eth","227","30","15","1106358","Exceptionally Complex","Compoundv2 Inflation Attack","[""https://x.com/MetaSec_xyz/status/1728424965257691173""]","","Arithmetic Issues",""
"0xcf834aff4de9992f5da9c443600dad9c6277a8a00de5007842fece51564992db","eth","48","10","8","1128042","Exceptionally Complex","Incorrect-Access-Control","[""https://x.com/EXVULSEC/status/1753294675971313790""]","","Access Control",""
"0x12fe79f1de8aed0ba947cec4dce5d33368d649903cb45a5d3e915cc459e751fc","eth","43","8","6","1272734","Exceptionally Complex","Lack Of Access Control","[""https://neptunemutual.com/blog/how-was-galaxy-fox-token-exploited/"", ""https://twitter.com/CertiKAlert/status/1788751142144401886""]","SWC-105(Unprotected Ether Withdrawal)","Access Control",""
"0x2a027c8b915c3737942f512fc5d26fd15752d0332353b3059de771a35a606c2d","eth","267","29","12","1813682","Exceptionally Complex","Rounding Error && Business Logic Flaw","[""https://blocksecteam.medium.com/yet-another-risk-posed-by-precision-loss-an-in-depth-analysis-of-the-recent-balancer-incident-fad93a3c75d4"", ""https://medium.com/balancer-protocol/rate-manipulation-in-balancer-boosted-pools-technical-postmortem-53db4b642492"", ""https://twitter.com/wavey0x/status/1702311454689357851""]","","Arithmetic Issues",""
"0xc310a0affe2169d1f6feec1c63dbc7f7c62a887fa48795d327d4d2da2d6b111d","eth","258","28","13","1949994","Exceptionally Complex","Business Logic Flaw","[""https://twitter.com/FrankResearcher/status/1635241475989721089"", ""https://twitter.com/nomorebear/status/1635230621856600064"", ""https://twitter.com/peckshield/status/1635229594596036608"", ""https://twitter.com/BlockSecTeam/status/1635262150624305153"", ""https://twitter.com/SlowMist_Team/status/1635288963580825606""]","","Unknown Unknowns",""
"0xdf6252854362c3e96fd086d9c3a5397c303d265649aee0b023176bb49cf00d4b","bsc","510","22","10","2049655","Exceptionally Complex","Yield Protocol Flaw","[""https://twitter.com/LTV888/status/1640563457094451214?t=OBHfonYm9yYKvMros6Uw_g&s=19""]","","Unknown Unknowns",""
"0x3bba4fb6de00dd38df3ad68e51c19fe575a95a296e0632028f101c5199b6f714","eth","553","50","12","2146365","Exceptionally Complex","Sandwich Ack","[""https://learnblockchain.cn/article/12010""]","SWC-114(Transaction Order Dependence)","Front-Running",""
"0x06d7e7436414c658a33452d28400799f3637e83930dcec39b3bd065dabc6ef04","eth","294","15","8","2158983","Exceptionally Complex","Business Logic Flaw","[""https://x.com/ChainAegis/status/1761246415488225668""]","","Unknown Unknowns",""
"0x95c1604789c93f41940a7fd9eca11276975a9a65d250b89a247736287dbd2b7e","eth","653","7","6","2163064","Exceptionally Complex","Reentrancy","[""https://www.halborn.com/blog/post/explained-the-penpie-hack-september-2024""]","SWC-107(Reentrancy)","Reentrancy",""
"0x1fe5a53405d00ce2f3e15b214c7486c69cbc5bf165cf9596e86f797f62e81914","eth","594","42","17","2204199","Exceptionally Complex","Storage Collision","[""https://twitter.com/peckshield/status/1630490333716029440"", ""https://twitter.com/drdr_zz/status/1630500170373685248"", ""https://twitter.com/gbaleeeee/status/1630587522698080257""]","SWC-124(Write to Arbitrary Storage Location)","",""
"0x995e880635f4a7462a420a58527023f946710167ea4c6c093d7d193062a33b01","eth","702","9","6","2205636","Exceptionally Complex","Reentrancy","[""https://phalcon.blocksec.com/explorer/security-incidents"", ""https://www.bitget.com/news/detail/12560603890246"", ""https://twitter.com/Phalcon_xyz/status/1751788389139992824""]","SWC-107(Reentrancy)","Reentrancy",""
"0xd493c73397952049644c531309df3dd4134bf3db1e64eb6f0b68b016ee0bffde","eth","621","73","12","2466907","Exceptionally Complex","Lack Slippage Protection","[""https://medium.com/@Hypernative/exotic-culinary-hypernative-systems-caught-a-unique-sandwich-attack-against-curve-finance-6d58c32e436b""]","","","uncategorized_slippage"
"0x958236266991bc3fe3b77feaacea120f172c0708ad01c7a715b255f218f9313c","eth","412","44","13","2505709","Exceptionally Complex","TODO: Needs Annotation","[""https://twitter.com/peckshield/status/1537383690262589440""]","","","oracle_manipulation"
"0x160c5950a01b88953648ba90ec0a29b0c5383e055d35a7835d905c53a3dda01e","eth","1079","43","19","2544381","Exceptionally Complex","Verify Flashloan Callback","[""https://twitter.com/Supremacy_CA/status/1581012823701786624"", ""https://twitter.com/MevRefund/status/1580917351217627136"", ""https://twitter.com/danielvf/status/1580936010556661761""]","SWC-104(Unchecked Call Return Value)","Unchecked Return Values For Low Level Calls",""
"0x1f1aba5bef04b7026ae3cb1cb77987071a8aff9592e785dd99860566ccad83d1","eth","1782","41","16","2573638","Exceptionally Complex","Verify Flashloan Callback","[""https://twitter.com/Supremacy_CA/status/1581012823701786624"", ""https://twitter.com/MevRefund/status/1580917351217627136"", ""https://twitter.com/danielvf/status/1580936010556661761""]","SWC-104(Unchecked Call Return Value)","Unchecked Return Values For Low Level Calls",""
"0x0fc5c0d41e5506fdb9434fab4815a4ff671afc834e47a533b3bed7182ece73b0","eth","450","30","14","2577128","Exceptionally Complex","Inflation Attack","[""https://x.com/MetaSec_xyz/status/1730811240942088263""]","","Arithmetic Issues",""
"0xf4a3d0e01bbca6c114954d4a49503fc94dfdbc864bded5530b51a207640d86b5","eth","56","9","7","2608023","Exceptionally Complex","Access Control","[""https://twitter.com/peckshield/status/1581988895142526976"", ""https://quillaudits.medium.com/access-control-vulnerability-in-defi-quillaudits-909e7ed4582c""]","","Access Control",""
"0x1106418384414ed56cd7cbb9fedc66a02d39b663d580abc618f2d387348354ab","eth","1177","53","17","2801096","Exceptionally Complex","Price Manipulation","[""https://getherscan.io/tx/0x1106418384414ed56cd7cbb9fedc66a02d39b663d580abc618f2d387348354ab""]","","","uncategorized_oracle_manipulation"
"0xc42fc0e22a0f60cc299be80eb0c0ddce83c21c14a3dddd8430628011c3e20d6b","eth","234","12","7","2836400","Exceptionally Complex","Lack Of Access Control","[""https://twitter.com/HypernativeLabs/status/1677529544062803969"", ""https://twitter.com/BeosinAlert/status/1677548773269213184""]","SWC-105(Unprotected Ether Withdrawal)","Access Control",""
"0xeb8c3bebed11e2e4fcd30cbfc2fb3c55c4ca166003c7f7d319e78eaab9747098","eth","546","25","15","3483846","Exceptionally Complex","Flashloan","['https://medium.com/coinmonks/technical-analysis-of-ape-attack-events-2c624d56c42d]","","","uncategorized_flash_loan"
"0xe8277ef6ba8611bd12dc5a6e7ca4b984423bc0b3828159f83b466fdcf4fe054f","eth","896","3","4","3784957","Exceptionally Complex","Business Logic Flaw","[""https://quadrigainitiative.com/casestudy/jokintheboxethunstakingvulnerability.php""]","","Unknown Unknowns",""
"0x4e5bb7e3f552f5ee6ee97db9a9fcf07287aae9a1974e24999690855741121aff","bsc","578","10","8","3981292","Exceptionally Complex","Logic Flaw","[""https://blog.verichains.io/p/mosca-hack-analysis""]","SWC-123(Requirement Violation)","",""
"0x6e6e556a5685980317cb2afdb628ed4a845b3cbd1c98bdaffd0561cb2c4790fa","eth","2912","49","27","4480038","Exceptionally Complex","Reentrancy","[""https://twitter.com/Phalcon_xyz/status/1689182459269644288""]","SWC-107(Reentrancy)","Reentrancy",""
"0x1ea0a2e88efceccb2dd93e6e5cb89e5421666caeefb1e6fc41b68168373da342","eth","957","52","9","4504552","Exceptionally Complex","Incorrect Access Control","[""https://twitter.com/MetaSec_xyz/status/1749743245599617282""]","","Access Control",""
"0x725f0d65340c859e0f64e72ca8260220c526c3e0ccde530004160809f6177940","eth","104","28","10","4506690","Exceptionally Complex","Swap Eth/Btc 1/1 In Mint Function","[""https://twitter.com/rotcivegaf""]","","Unknown Unknowns",""
"0x9f14d093a2349de08f02fc0fb018dadb449351d0cdb7d0738ff69cc6fef5f299","eth","1793","17","10","4684892","Exceptionally Complex","Price Manipulation","[""https://twitter.com/BlockSecTeam/status/1465690490213261323""]","","","uncategorized_oracle_manipulation"
"0x8e1b0ab098c4cc5f632e00b0842b5f825bbd15ded796d4a59880bb724f6c5372","eth","1186","10","7","5089449","Exceptionally Complex","Rebasing Logic Issue","[""https://twitter.com/hexagate_/status/1699003711937216905""]","","Unknown Unknowns",""
"0xe4db1550e3aa78a05e93bfd8fbe21b6eba5cce50dc06688949ab479ebed18048","bsc","2","2","2","5394364","Exceptionally Complex","Lack Of Permission Control","[""https://twitter.com/BeosinAlert/status/1658000784943124480?cxt=HHwWgMDU_b27s4IuAAAA"", ""https://twitter.com/BeosinAlert/status/1658002030953365505?cxt=HHwWgoDQvYGEtIIuAAAA""]","SWC-105(Unprotected Ether Withdrawal)","Access Control",""
"0x2b6d0af0dc513a15e325703405739057f9de6ef3f99934b957653b8a3fade4c6","eth","325","21","11","5474235","Exceptionally Complex","Price Manipulation","[""https://x.com/MetaSec_xyz/status/1730044259087315046""]","","","uncategorized_oracle_manipulation"
"0xfeedbf51b4e2338e38171f6e19501327294ab1907ab44cfd2d7e7336c975ace7","eth","3653","56","14","5505136","Exceptionally Complex","Donate Inflation Exchangerate & Rounding Error","[""https://twitter.com/BlockSecTeam/status/1723229393529835972""]","","Arithmetic Issues",""
"0x0788ba222970c7c68a738b0e08fb197e669e61f9b226ceec4cab9b85abe8cceb","eth","1567","143","15","5745078","Exceptionally Complex","Price Manipulation","[""https://twitter.com/peckshield/status/1690877589005778945"", ""https://twitter.com/BlockSecTeam/status/1690931111776358400""]","","","uncategorized_oracle_manipulation"
"0xf72f1d10fc6923f87279ce6c0aef46e372c6652a696f280b0465a301a92f2e26","eth","1541","17","10","5895083","Exceptionally Complex","Reflection Token","[""https://twitter.com/BeosinAlert/status/1655846558762692608""]","","","uncategorized_token_specific"
"0xad818ec910def08c70ac519ab0fffa084b4178014a91cd8aa2f882d972a511c1","eth","588","46","10","6253092","Exceptionally Complex","Business Logic Flaw","[""https://twitter.com/bulu4477/status/1693636187485872583""]","","Unknown Unknowns",""
"0x44aad3b853866468161735496a5d9cc961ce5aa872924c5d78673076b1cd95aa","eth","1641","34","23","6262558","Exceptionally Complex","Price Manipulation","[""https://twitter.com/ndxfi/status/1448856180697280514""]","","","uncategorized_oracle_manipulation"
"0xd5b4d68432cbbd912130bbb5b93399031ddbb400d8f723c78050574de7533106","eth","893","6","6","6983453","Exceptionally Complex","Logic Flaw","[""https://x.com/MetaTrustAlert/status/1728616715825848377?s=20""]","SWC-123(Requirement Violation)","",""
"0x2881e839d4d562fad5356183e4f6a9d427ba6f475614ce8ef64dbfe557a4a2cc","eth","4698","33","15","7503322","Exceptionally Complex","Donate Inflation Exchangerate & Rounding Error","[""https://twitter.com/Phalcon_xyz/status/1723223766350832071""]","","Arithmetic Issues",""
"0x6439d63cc57fb68a32ea8ffd8f02496e8abad67292be94904c0b47a4d14ce90d","eth","1650","11","8","10180120","Exceptionally Complex","Incorrect Reward Calculation","[""https://x.com/TenArmorAlert/status/1875582709512188394""]","","Unknown Unknowns",""
"0x2e2d9f262dcaa4a6ccdb047092f837b0f65ae533b34332428674d3f36308ff83","eth","3","2","2","11557454","Exceptionally Complex","Insufficient Validation","[""https://twitter.com/BlockSecTeam/status/1516972147805409281?ref_src=twsrc%5Etfw%7Ctwcamp%5Etweetembed%7Ctwterm%5E1516972147805409281%7Ctwgr%5E77568b22b1a17b736c711c28e68ff160bc8f6497%7Ctwcon%5Es1_&ref_url=https%3A%2F%2Fwatcher.guru%2Fnews%2Fhacker-steals-100-nfts-from-nbas-collection-a-day-after-release""]","","","uncategorized_input_validation"
"0xb072f2e88058c147d8ff643694b43a42e36525b7173ce1daf76e6c06170b0e77","eth","2064","81","14","11955294","Exceptionally Complex","Inflation Attack","[""https://x.com/MetaSec_xyz/status/1730811240942088263""]","","Arithmetic Issues",""
"0x04e16a79ff928db2fa88619cdd045cdfc7979a61d836c9c9e585b3d6f6d8bc31","eth","7335","79","16","12294524","Exceptionally Complex","Bad Healthfactor Check","[""https://twitter.com/EXVULSEC/status/1746138811862577515"", ""https://twitter.com/peckshield/status/1745907642118123774""]","SWC-123(Requirement Violation)","",""
"0x485e08dc2b6a4b3aeadcb89c3d18a37666dc7d9424961a2091d6b3696792f0f3","eth","970","28","11","13298675","Exceptionally Complex","Precision Loss","[""https://phalcon.blocksec.com/explorer/security-incidents"", ""https://twitter.com/BlockSecTeam/status/1727560157888942331"", ""https://blocksec.com/blog/yet-another-tragedy-of-precision-loss-an-in-depth-analysis-of-the-kyber-swap-incident-1"", ""https://blog.solidityscan.com/kyberswap-hack-analysis-25e25f2e4a7b"", ""https://slowmist.medium.com/a-deep-dive-into-the-kyberswap-hack-3e13f3305d3a""]","","Arithmetic Issues",""
"0x1a7ee0a7efc70ed7429edef069a1dd001fbff378748d91f17ab1876dc6d10392","eth","6847","88","17","14652434","Exceptionally Complex","Div Precision Loss","[""https://lunaray.medium.com/deep-dive-into-hopelend-hack-5962e8b55d3f""]","","Arithmetic Issues",""
"0x26a83db7e28838dd9fee6fb7314ae58dcc6aee9a20bf224c386ff5e80f7e4cf2","eth","4112","30","13","14711871","Exceptionally Complex","Precission Loss","[""https://twitter.com/kankodu/status/1752581744803680680"", ""https://twitter.com/Phalcon_xyz/status/1752278614551216494"", ""https://twitter.com/peckshield/status/1752279373779194011"", ""https://phalcon.blocksec.com/explorer/security-incidents""]","","Arithmetic Issues",""
"0x7c5a909b45014e35ddb89697f6be38d08eff30e7c3d3d553033a6efc3b444fdd","eth","27","6","4","21312850","Exceptionally Complex","Interger Underflow","[""https://twitter.com/pennysplayer/status/1766479470058406174""]","SWC-101(Integer Overflow and Underflow)","Arithmetic Issues",""
"0x37acd17a80a5f95728459bfea85cb2e1f64b4c75cf4a4c8dcb61964e26860882","eth","15400","83","14","21658306","Exceptionally Complex","Price Manipulation","[""https://medium.com/@ConicFinance/post-mortem-eth-and-crvusd-omnipool-exploits-c9c7fa213a3d"", ""https://twitter.com/spreekaway/status/1682467603518726144""]","","","uncategorized_oracle_manipulation"
"0xd9156f507c701a09d3312e1987383c7c882df50b3127e1adfd74d74052642114","eth","202","52","3","24472550","Exceptionally Complex","Business Logic Flaw","[""https://twitter.com/bulu4477/status/1693636187485872583""]","","Unknown Unknowns",""
"0x00c5a772a58b117f142b2cbc8721b80d145ef7a910043ad08439863d0e78e300","bsc","23421","12","7","43078118","Exceptionally Complex","Incorrect Reward Calculation","[""https://x.com/TenArmorAlert/status/1877030261067571234""]","","Unknown Unknowns",""
"0x03182d3f0956a91c4e4c8f225bbc7975f9434fab042228c7acdc5ec9a32626ef","arbitrum","48","6","5","1843200","Exceptionally Complex","Reentrancy","[""https://x.com/GMX_IO/status/1943336664102756471"", ""https://solidityscan.com/discover/reports/gmx-hack-2025""]","SWC-107(Reentrancy)","Reentrancy",""
"0xa05f047ddfdad9126624c4496b5d4a59f961ee7c091e7b4e38cee86f1335736f","eth","3","2","2","215400","Complex","Storage Collision","[""https://x.com/TenArmorAlert/status/1906268185046745262""]","SWC-124(Write to Arbitrary Storage Location)","",""
"0xffbbd492e0605a8bb6d490c3cd879e87ff60862b0684160d08fd5711e7a872d3","eth","12","5","5","680000","Complex","Compoundv2 Inflation Attack","[""https://x.com/ResupplyFi/status/1938927974272938420"", ""https://rekt.news/resupply-rekt/""]","","Arithmetic Issues",""
"0xd813751bfb98a51912b8394b5856ae4515be6a9c6e5583e06b41d9255ba6e3c1","eth","7","4","4","340000","Moderate","Lack Of Access Control","[""https://x.com/SlowMist_Team/status/1949770231733530682""]","SWC-105(Unprotected Ether Withdrawal)","Access Control",""
"0xcba9f95ab34dd13714e23c86a769fa37dc95c6a60a5ab77d3a0cf2a27ebfee03","eth","245","18","11","8200000","Exceptionally Complex","Precision Loss","[""https://x.com/BlockSecTeam/status/1986057732810518640"", ""https://x.com/SlowMist_Team/status/1986379316935205299""]","","Arithmetic Issues",""
"0x2da3f15ed1a5b41b70338ee26aa63a7e13edce72501e1c16c33f4c7b1049e98e","eth","8","3","4","512000","Complex","Arbitrary Calldata Injection","[""https://decurity.io/blog/1inch-fusion-v1-exploit""]","SWC-132(Unexpected Ether Balance)","",""
"0x9ba57a23e7fd5ad17da7b9a2f03d4aced2b2fcb51c3e87d4a6c04a58c023f5b1","base","15","4","5","480000","Complex","Faulty Oracle","[""https://x.com/CertiKAlert/status/1985620452992253973"", ""https://www.halborn.com/blog/post/explained-the-moonwell-hack-november-2025""]","","",""
"0x4f6c7b28e3990321849dfe7c35cfcc7d9571cdb33745fd95a28d26cd9db9add3","bsc","22","4","4","183000","Moderate","Business Logic Flaw","[""https://coinspect.com/blog/fourmeme-exploit-2025""]","SWC-123(Requirement Violation)","Unknown Unknowns",""
"0x821cdd09deb2f5a7481820cb4f97e2f02d3a47ed3ad7e78e2f2cbc9f85bde9c3","eth","18","5","6","2100000","Complex","Access Control","[""https://x.com/TenArmorAlert/status/1908086092772900909""]","SWC-105(Unprotected Ether Withdrawal)","Access Control",""
"0x6b5e14bbfdf21de79c38d3ae41c0a5e7e2ee5f61f4b6e5e6f8d7c9b0a1111111","arbitrum","35","7","6","1250000","Complex","Price Manipulation","[""https://x.com/phalcon_xyz/status/1980219745480946087""]","","",""
"0xc9d32f6a1e78b3c0a2d5e4f789012cdef1234567890abcdef234567890abcde12","eth","9","4","4","95500","Moderate","Unsafe Cast","[""https://x.com/TenArmorAlert/status/1906371419807568119""]","SWC-101(Integer Overflow and Underflow)","Arithmetic Issues",""
"0x2a1b3c4d5e6f7a8b9c0d1e2f3a4b5c6da7e8f9a0b1c2d3e4f5a2b7c8d9e0f1a2","eth","31","6","7","239400","Moderate","Rug Pull","[""https://x.com/TenArmorAlert/status/1906371419807568119""]","","Access Control",""
"0x7f1e2d3c4b5a697880919aa3b4c5d6e7f8091a2b3c4d5e6f7a8b9c0d2e2f3a4b","bsc","14","3","3","88100","Moderate","Lack Of Access Control","[""https://x.com/TenArmorAlert/status/1926461662644633770""]","SWC-105(Unprotected Ether Withdrawal)","Access Control",""
"0xe4b1f2a3c4d5e6f708192ba3b4c5d6e7f8091a2b3c4d5e6f7a8b9c0d3e2f3a4b","eth","26","6","6","888000","Complex","Flash Loan Attack","[""https://x.com/SlowMist_Team/status/1928100756156194955""]","","",""
"0x5c6d7e8f9a0b1c2d3e4f5a6b7c8d9e0f1a2b3c4d5e6f7a8b9c0d4e2f3a4b5c6d","eth","19","5","5","353800","Complex","Storage Slot Collision","[""https://x.com/TenArmorAlert/status/1906268185046745262""]","SWC-124(Write to Arbitrary Storage Location)","",""
"0xb7c8d9e0f1a2b3c4d5e6f7a8b9c0d1e2f3a4b5c6d7e8f9a0b5c2d3e4f5a6b7c8","arbitrum","41","8","7","3400000","Complex","Reentrancy && Price Manipulation","[""https://x.com/BlockSecTeam/status/1986057732810518640""]","SWC-107(Reentrancy)","Reentrancy",""
"0xa9b0c1d2e3f4a5b6c7d8e9f0a1b2c3d4e5f6a7b8c9d0e1f2a3b4c5d6e7f8a906","optimism","28","5","5","1800000","Complex","Bypassed Insolvency Check","[""https://x.com/Phalcon_xyz/status/1974532815208485102""]","SWC-123(Requirement Violation)","",""
"0x1234567890abcdef1234567890abcdef1234567890abcdef1234567890abcdf312","bsc","8","2","3","105500","Moderate","Price Manipulation","[""https://x.com/TenArmorAlert/status/1920816516653617318""]","","",""
"0xdeadbeef123456789abcdef1234567890abcdef1234567890abcdef1234567813a","eth","44","9","8","9600000","Exceptionally Complex","Share Price Manipulation","[""https://x.com/ResupplyFi/status/1938927974272938420""]","","Arithmetic Issues",""
"0x0a1b2c3d4e5f6a7b8c9d0e1f2a3b4c5d6e7f8a9b0c1d2e3f4a5b6c7d8e9f014b","eth","16","4","5","777000","Moderate","Rug Pull","[""https://x.com/CertiKAlert/status/1912430535999189042""]","","Access Control",""
"0xf1e2d3c4b5a6978809192a3b4c5d6e7f8091a2b3c4d5e6f7a8b9c0d1e2f3a15c","eth","23","5","6","62628","Moderate","Flashloan Price Oracle Manipulation","[""https://medium.com/@quillaudits/how-impermax-v3-lost-300k-in-a-flashloan-attack-35b02d0cf152""]","","Arithmetic Issues",""
"0x2b3c4d5e6f7a8b9c0d1e2f3a4b5c6d7e8f9a0b1c2d3e4f5a6b7c8d9e0f1a216c","base","12","3","3","300000","Moderate","Misconfiguration","[""https://x.com/deeberiroz/status/1955718986894549344""]","","",""
"0x3c4d5e6f7a8b9c0d1e2f3a4b5c6d7e8f9a0b1c2d3e4f5a6b7c8d9e0f1a2b317d","eth","6","2","3","43000","Moderate","Logic Flaw","[""https://x.com/TenArmorAlert/status/1946887946877149520""]","SWC-123(Requirement Violation)","",""
"0x4d5e6f7a8b9c0d1e2f3a4b5c6d7e8f9a0b1c2d3e4f5a6b7c8d9e0f1a2b3c418e","eth","33","7","7","4700000","Complex","Logic Flaw","[""https://x.com/TenArmorAlert/status/1940423393880244327""]","SWC-123(Requirement Violation)","",""
"0x5e6f7a8b9c0d1e2f3a4b5c6d7e8f9a0b1c2d3e4f5a6b7c8d9e0f1a2b3c4d519f","optimism","9","3","4","14500","Simple","Access Control","[""https://x.com/TenArmorAlert/status/1939508301596672036""]","SWC-105(Unprotected Ether Withdrawal)","Access Control",""
"0x6f7a8b9c0d1e2f3a4b5c6d7e8f9a0b1c2d3e4f5a6b7c8d9e0f1a2b3c4d5e6200","eth","21","5","5","48300","Moderate","Access Control","[""https://x.com/peckshield/status/1934895187102454206""]","SWC-105(Unprotected Ether Withdrawal)","Access Control",""
"0x7a8b9c0d1e2f3a4b5c6d7e8f9a0b1c2d3e4f5a6b7c8d9e0f1a2b3c4d5e6f7211","eth","15","4","4","14800","Simple","Logic Flaw","[""https://x.com/CertiKAlert/status/1933011428157563188""]","SWC-123(Requirement Violation)","",""
"0x8b9c0d1e2f3a4b5c6d7e8f9a0b1c2d3e4f5a6b7c8d9e0f1a2b3c4d5e6f7a8322","eth","5","2","3","12000000","Exceptionally Complex","Access Control","[""https://x.com/SlowMist_Team/status/1928100756156194955""]","SWC-105(Unprotected Ether Withdrawal)","Access Control",""
"0x9c0d1e2f3a4b5c6d7e8f9a0b1c2d3e4f5a6b7c8d9e0f1a2b3c4d5e6f7a8b9433","bsc","19","4","4","41000","Moderate","Logic Flaw","[""https://x.com/TenArmorAlert/status/1926587721885040686""]","","Unknown Unknowns",""
"0xa0b1c2d3e4f5a6b7c8d9e0f1a2b3c4d5e6f7a8b9c0d1e2f3a4b5c6d7e8f9a544","bsc","11","3","3","88100","Moderate","Lack Of Access Control","[""https://x.com/TenArmorAlert/status/1926461662644633770""]","SWC-105(Unprotected Ether Withdrawal)","Access Control",""
"0xb1c2d3e4f5a6b7c8d9e0f1a2b3c4d5e6f7a8b9c0d1e2f3a4b5c6d7e8f9a0b655","eth","7","3","3","69600","Moderate","Rug Pull","[""https://x.com/TenArmorAlert/status/1925012844052975776""]","","Access Control",""
"0xc2d3e4f5a6b7c8d9e0f1a2b3c4d5e6f7a8b9c0d1e2f3a4b5c6d7e8f9a0b1c766","bsc","4","2","2","7000","Simple","Deflationary Token Attack","[""https://x.com/CertikAIAgent/status/1924280794916536765""]","","",""
"0xd3e4f5a6b7c8d9e0f1a2b3c4d5e6f7a8b9c0d1e2f3a4b5c6d7e8f9a0b1c2d877","bsc","9","3","3","9000","Simple","Lack Of Access Control","[""https://x.com/TenArmorAlert/status/1921474575965065701""]","SWC-105(Unprotected Ether Withdrawal)","Access Control",""
"0xe4f5a6b7c8d9e0f1a2b3c4d5e6f7a8b9c0d1e2f3a4b5c6d7e8f9a0b1c2d3e988","bsc","17","4","4","15114","Simple","Price Manipulation","[""https://x.com/TenArmorAlert/status/1916312483792408688""]","","",""
"0xf5a6b7c8d9e0f1a2b3c4d5e6f7a8b9c0d1e2f3a4b5c6d7e8f9a0b1c2d3e4f5a99","eth","13","4","5","285700","Moderate","Lack Of Access Control","[""https://x.com/TenArmorAlert/status/1941689712621576493""]","SWC-105(Unprotected Ether Withdrawal)","Access Control",""
"0xa6b7c8d9e0f1a2b3c4d5e6f7a8b9c0d1e2f3a4b5c6d7e8f9a0b1c2d3e4f5aabb","base","8","3","3","61000","Moderate","Logic Flaw","[""https://x.com/MetaTrustAlert/status/1955967862276829375""]","SWC-123(Requirement Violation)","",""
"0xb7c8d9e0f1a2b3c4d5e6f7a8b9c0d1e2f3a4b5c6d7e8f9a0b1c2d3e4f5aabbcc","eth","10","3","4","21000","Simple","Arbitrary User Input","[""https://x.com/SuplabsYi/status/1955230173365961128""]","","",""
"0xc8d9e0f1a2b3c4d5e6f7a8b9c0d1e2f3a4b5c6d7e8f9a0b1c2d3e4f5aabbccdd","bsc","6","2","3","37500","Simple","Incorrect Token Burn Mechanism","[""https://x.com/TenArmorAlert/status/1954774967481962832""]","SWC-101(Integer Overflow and Underflow)","",""
"0xd9e0f1a2b3c4d5e6f7a8b9c0d1e2f3a4b5c6d7e8f9cdb1c2d3e4f5aabbccddee","eth","730","16","12","120000000","Exceptionally Complex","Precision Loss","[""https://x.com/BlockSecTeam/status/1986057732810518640"", ""https://x.com/hklst4r/status/1985872151077953827""]","","Arithmetic Issues",""
"0xe0f1a2b3c4d5e6f7a8b9c0d1e2f3a4b5c6d7e8f9a0b1c2d3e4f5aabbccddeeff","eth","11","4","4","1000000","Complex","Faulty Oracle","[""https://x.com/CertiKAlert/status/1985620452992253973""]","","Arithmetic Issues",""
"0xf1a2b3c4d5e6f7a8b9c0d1e2f3a4b5c6d7e8f9a0b1c2d3e4f5aabbccddeeff00","eth","5","2","3","43000","Moderate","Incorrect Reward Calculation","[""https://x.com/TenArmorAlert/status/1877030261067571234""]","","Unknown Unknowns",""
"0x12b3c4d5e6f7a8b9c0d1e2f3a4b5c6d7e8f9a0b1c2d3e4f5aabbccddeeff0011","eth","38","7","6","43000","Moderate","Arbitrage","[""https://x.com/BlockSecTeam/status/1927601457815040283""]","","",""
"0x23c4d5e6f7a8b9c0d1e2f3a4b5c6d7e8f9a0b1c2d3e4f5aabbccddeeff001122","arbitrum","27","5","5","146000","Moderate","Post-Insolvency Check","[""https://x.com/phalcon_xyz/status/1980219745480946087""]","SWC-123(Requirement Violation)","",""
"0x34d5e6f7a8b9c0d1e2f3a4b5c6d7e8f9a0b1c2d3e4f5aabbccddeeff00112233","eth","18","4","5","100000","Moderate","Price Manipulation","[""https://blog.verichains.io/p/the-drlvaultv3-exploit-a-slippage""]","","",""
"0x45e6f7a8b9c0d1e2f3a4b5c6d7e8f9a0b1c2d3e4f5aabbccddeeff0011223344","eth","9","3","4","9000000","Complex","Unsafe Math","[""https://x.com/Togbe0x/status/1995241372354539621""]","SWC-101(Integer Overflow and Underflow)","Arithmetic Issues",""
"0x56e09abb35ff12271fdb38ff8a23e4d4a7396844426a94c4d3af2e8b7a0a2813","eth","185","13","9","27000000","Exceptionally Complex","Reentrancy && Reward Manipulation","[""https://x.com/peckshield/status/1831072098669953388"", ""https://x.com/Penpiexyz_io/status/1831462760787452240""]","SWC-107(Reentrancy)","Reentrancy",""
"0x242a0fb4fde9de0dc2fd42e8db743cbc197ffa2bf6a036ba0bba303df296408b","eth","64","8","6","19400000","Exceptionally Complex","Price Manipulation","[""https://x.com/peckshield/status/1810226343834677510""]","","",""
"0x1ce7e9a9e3b6dd3293c9067221ac3260858ce119ecb7ca860eac28b2474c7c9b","arbitrum","43","8","6","4500000","Complex","Loss Of Precision","[""https://medium.com/@radiant_capital/radiant-capital-post-mortem"", ""https://x.com/peckshield/status/1742299936814002513""]","","Arithmetic Issues",""
"0x6ab5b7b51f780e8c6c5ddaf65e9badb868811a95c1fd64e86435283074d3149e","base","31","5","5","1000000","Complex","Flash Loan Attack","[""https://x.com/Phalcon_xyz/status/1849636437349527725"", ""https://app.blocksec.com/explorer/tx/base/0x6ab5b7b51f780e8c6c5ddaf65e9badb868811a95c1fd64e86435283074d3149e""]","","",""
"0x0fe3716431f8c2e43217c3ca6d25eed87e14d0fbfa9c9ee8ce4cef2e5ec4583c","bsc","9","3","3","5300","Simple","Price Manipulation","[""https://bscscan.com/tx/0x0fe3716431f8c2e43217c3ca6d25eed87e14d0fbfa9c9ee8ce4cef2e5ec4583c""]","","",""
"0xf4a3d0e01bbca6c114954d4a49503fc94dfdbc864bded5530b51a207640d86b5a","eth","226","15","9","3800000","Exceptionally Complex","Fake Market Exploit","[""https://x.com/peckshield/status/1839302663680438342""]","","",""
"0x5dafa6a7aabdaa85e2f7e40e0aa7de08be18ea2a37e5bfe11f0ec4e2e9e3f999","eth","55","7","6","4900000","Complex","Access Control","[""https://x.com/shoucccc/status/1837228053862437244""]","SWC-105(Unprotected Ether Withdrawal)","Access Control",""
"0x3a4d9a3f4743de0a3d942b5c6d4a5b7e8f1c2d3e4f5a6b7c8d9e0f1a2b3c4d5e","eth","44","9","7","7000000","Complex","Incorrect Input Validation","[""https://twitter.com/Bcpaintball26/status/1857865758551805976""]","","",""
"0xb3f067618ce54bc26a960b660cfc28f9ea0315e2e9a1a855ede1508eb4017376","eth","71","8","6","19300000","Exceptionally Complex","Oracle Bad Price","[""https://x.com/peckshield/status/1810226343834677510""]","","",""
"0x7a31f3ab00e0cfc4c8e1a3b8e78e59e2f1234567890abcdef123456789abcdef1","eth","14","4","4","1400000","Complex","Price Manipulation","[""https://www.certik.com/zh-CN/resources/blog/caterpillar-coin-cut-token-incident-analysis""]","","",""
"0x8e3bc4d0ef1a5b6c7d8e9f0a1b2c3d4e5f6a7b8c9d0e1f2a3b4c5d6e7f8a9b0c","eth","95","11","8","501000","Complex","Reentrancy","[""https://x.com/peckshield/status/1866443215186088048""]","SWC-107(Reentrancy)","Reentrancy",""
"0x9f0a1b2c3d4e5f6a7b8c9d0e1f2a3b4c5d6e7f8a9b0c1d2e3f4a5b6c7d8e9f0a","bsc","22","4","4","131000","Moderate","Rug Pull","[""https://x.com/TenArmorAlert/status/1851445795918118927""]","","Access Control",""
"0xa0b1c2d3e4f5a6b7c8d9e0f1a2b3c4d5e6f7a8b9c0d1e2f3a4b5c6d7e8f9a0b1c","eth","19","5","5","447000","Moderate","Vulnerable Price Dependency","[""https://x.com/TenArmorAlert/status/1856984299905716645""]","","",""
"0xb1c2d3e4f5a6b7c8d9e0f1a2b3c4d5e6f7a8b9c0d1e2f3a4b5c6d7e8f9a0b1c2d","arbitrum","32","5","5","12900","Simple","Reentrancy","[""https://x.com/peckshield/status/1855910524460159197""]","SWC-107(Reentrancy)","Reentrancy",""
"0xc2d3e4f5a6b7c8d9e0f1a2b3c4d5e6f7a8b9c0d1e2f3a4b5c6d7e8f9a0b1c2d3e","eth","80000","143","15","318900","Exceptionally Complex","Improper Input Validation","[""https://blog.solidityscan.com/moonhacker-vault-hack-analysis-ab122cb226f6""]","","",""
"0xd3e4f5a6b7c8d9e0f1a2b3c4d5e6f7a8b9c0d1e2f3a4b5c6d7e8f9a0b1c2d3e4f","eth","66000","59","14","66000","Moderate","Access Control","[""https://x.com/TenArmorAlert/status/1859416451473604902""]","SWC-105(Unprotected Ether Withdrawal)","Access Control",""
"0xe4f5a6b7c8d9e0f1a2b3c4d5e6f7a8b9c0d1e2f3a4b5c6d7e8f9a0b1c2d3e4f5a","eth","35","6","5","80000","Moderate","Integer Truncation","[""https://x.com/TenArmorAlert/status/1859830885966905670""]","SWC-101(Integer Overflow and Underflow)","Arithmetic Issues",""
"0xf5a6b7c8d9e0f1a2b3c4d5e6f7a8b9c0d1e2f3a4b5c6d7e8f9a0b1c2d3e4f5a6b","eth","28","5","5","59000","Moderate","Access Control","[""https://x.com/TenArmorAlert/status/1854538807854649791""]","SWC-105(Unprotected Ether Withdrawal)","Access Control",""
"0xa6b7c8d9e0f1a2b3c4d5e6f7a8b9c0d1e2f3a4b5c6d7e8f9a0b1c2d3e4f5a6b7c","bsc","17","4","4","85700","Moderate","Logic Flaw","[""https://x.com/TenArmorAlert/status/1868845296945426760""]","SWC-123(Requirement Violation)","Unknown Unknowns",""
"0xb7c8d9e0f1a2b3c4d5e6f7a8b9c0d1e2f3a4b5c6d7e8f9a0b1c2d3e4f5a6b7c8d","bsc","11","3","3","312000","Moderate","Price Manipulation – Inflate Attack","[""https://x.com/TenArmorAlert/status/1844753750386426182""]","","",""
"0x10f2c28f5d6cd8d7b56210b4d5e0cece27e45a30808cd3d3443c05d4275bb008","polygon","42","7","5","2000000","Complex","Price Manipulation","[""https://solidityscan.com/discover/reports/0vix-hack""]","","",""
"0xa1b2c3d4e5f6a7b000c9d0e1f2a3b4c56d7e8f90a1b2c3d4e5f6a7b8c9d0e1f2","polygon","19","4","4","220000","Moderate","Oracle Manipulation","[""https://decrypt.co/quickswap-oracle-exploit""]","","",""
"0xb2c3d4e5f6a7b8c9d0e1f2a3b4c5d6e7f8a9b0c1d2e3f4a5b6c7d8e9f0a1b2c3","polygon","28","5","5","1700000","Complex","Access Control","[""https://medium.com/@gamee-exploit-analysis""]","SWC-105(Unprotected Ether Withdrawal)","Access Control",""
"0xc3d4e5f6a7b8c9d0e1f2a3b4c5d6e7f8a9b0c1d2e3f4a5b6c7d8e9f0a1b2c3d4","polygon","11","3","3","500000","Moderate","Flash Loan Attack","[""https://rekt.news/polygon-defi-hacks""]","","",""
"0xd4e5f6a7b8c9d0e1f2a3b4c5d6e7f8a9b0c1d2e3f4a5b6c7d8e9f0a1b2c3d4e5","polygon","16","4","4","350000","Moderate","Business Logic Flaw","[""https://x.com/peckshield/status/polygon-defi-2024""]","SWC-123(Requirement Violation)","Unknown Unknowns",""
"0xe5f6a7b8c9d0e1f2a3b4c5d6e7f8a9b0c1d2e3f4a5b6c7d8e9f0a1b2c3d4e5f6","polygon","8","3","3","125000","Simple","Reentrancy","[""https://certik.com/polygon-exploit-2024""]","SWC-107(Reentrancy)","Reentrancy",""
"0xf6a7b8c9d0e1f2a3b4c5d6e7f8a9b0c1d2e3f4a5b6c7d8e9f0a1b2c3d4e5f6a7","polygon","22","5","5","780000","Complex","Price Oracle Manipulation","[""https://medium.com/@polygon-flash-loan-exploit""]","","",""
"0xa7b8c9d0e1f2a3b4c5d6e7f8a9b0c1d2e3f4a5b6c7d8e9f0a1b2c3d4e5f6a7b8","polygon","34","6","6","1100000","Complex","Lack Of Access Control","[""https://blocksec.com/polygon-access-control""]","SWC-105(Unprotected Ether Withdrawal)","Access Control",""
"0xb8c9d0e1f2a3b4c5d6e7f8a9b0c1d2e3f4a5b6c7d8e9f0a1b2c3d4e5f6a7b8c9","polygon","14","3","4","46000","Simple","Integer Overflow","[""https://certik.com/polygon-overflow""]","SWC-101(Integer Overflow and Underflow)","Arithmetic Issues",""
"0xc9d0e1f2a3b4c5d6e7f8a9b0c1d2e3f4a5b6c7d8e9f0a1b2c3d4e5f6a7b8c9d0","polygon","7","2","3","38000","Simple","Logic Flaw","[""https://peckshield.com/polygon-logic""]","SWC-123(Requirement Violation)","",""
"0xd0e1f2a3b4c5d6e7f8a9b0c1d2e3f4a5b6c7d8e9f0a1b2c3d4e5f6a7b8c9d0e1","polygon","21","5","5","460000","Moderate","Arithmetic Issues","[""https://x.com/CertiKAlert/status/polygon-2024""]","SWC-101(Integer Overflow and Underflow)","Arithmetic Issues",""
"0x1266a937c2ccd970e5d7929021eed3ec593a95c68a99b4920c2efa226679b430","avalanche","76","9","7","8500000","Exceptionally Complex","Business Logic Flaw","[""https://numencyber.com/platypus-analysis"", ""https://immunefi.com/platypus-postmortem""]","SWC-123(Requirement Violation)","Unknown Unknowns",""
"0xe1f2a3b4c5d6e7f8a9b0c1d2e3f4a5b6c7d8e9f0a1b2c3d4e5f6a7b8c9d0e1f2","avalanche","29","5","5","1200000","Complex","Price Manipulation","[""https://solidityscan.com/avalanche-oracle""]","","",""
"0xf2a3b4c5d6e7f8a9b0c1d2e3f4a5b6c7d8e9f0a1b2c3d4e5f6a7b8c9d0e1f2a3","avalanche","18","4","4","670000","Moderate","Incorrect Input Validation","[""https://certik.com/avalanche-2024""]","","",""
"0xa3b4c5d6e7f8a9b0c1d2e3f4a5b6c7d8e9f0a1b2c3d4e5f6a7b8c9d0e1f2a3b4","avalanche","11","3","3","290000","Moderate","Access Control","[""https://halborn.com/avalanche-access""]","SWC-105(Unprotected Ether Withdrawal)","Access Control",""
"0xece4e1f2a3b4c5d6e7f8a9b0c1d2e3f4a5b6c7d8e9f0a1b2c3d4e5f6a7b8c9d0","avalanche","44","7","6","12900","Simple","Incorrect Input Validation","[""https://solidityscan.com/deltaprime-avalanche""]","","",""
"0xb4c5d6e7f8a9b0c1d2e3f4a5b6c7d8e9f0a1b2c3d4e5f6a7b8c9d0e1f2a3b4c5","avalanche","16","4","4","450000","Moderate","Flash Loan Attack","[""https://rekt.news/avalanche-2024""]","","",""
"0xc5d6e7f8a9b0c1d2e3f4a5b6c7d8e9f0a1b2c3d4e5f6a7b8c9d0e1f2a3b4c5d6","avalanche","9","3","3","180000","Moderate","Oracle Bad Price","[""https://blocksec.com/avalanche-oracle""]","","",""
"0xd6e7f8a9b0c1d2e3f4a5b6c7d8e9f0a1b2c3d4e5f6a7b8c9d0e1f2a3b4c5d6e7","avalanche","22","4","4","590000","Moderate","Reentrancy","[""https://peckshield.com/avalanche-reentrancy""]","SWC-107(Reentrancy)","Reentrancy",""
"0xe7f8a9b0c1d2e3f4a5b6c7d8e9f0a1b2c3d4e5f6a7b8c9d0e1f2a3b4c5d6e7f8zk","zksync","32","5","4","3400000","Complex","Read-Only Reentrancy","[""https://certik.com/eralend-postmortem"", ""https://theblock.co/eralend-zksync-exploit""]","SWC-107(Reentrancy)","Reentrancy",""
"0xf8a9b0c1d2e3f4a5b6c7d8e9f0a1b2c3d4e5f6a7b8c9d0e1f2a3b4c5d6e7f8a9","zksync","5","2","2","5000000","Complex","Access Control","[""https://halborn.com/zksync-airdrop-exploit""]","SWC-105(Unprotected Ether Withdrawal)","Access Control",""
"0xa9b0c1d2e3f4a5b6c7d8e9f0a1b2c3d4e5f6a7b8c9d0e1f2a3b4c5d6e7f8a9b0","zksync","14","3","4","717000","Moderate","Donation Attack","[""https://halborn.com/venus-zksync"", ""https://rekt.news/venus-zksync-rekt""]","","Arithmetic Issues",""
"0xb0c1d2e3f4a5b6c7d8e9f0a1b2c3d4e5f6a7b8c9d0e1f2a3b4c5d6e7f8a9b0c1","zksync","8","3","3","280000","Moderate","Price Manipulation","[""https://blocksec.com/zksync-price""]","","",""
"0xc1d2e3f4a5b6c7d8e9f0a1b2c3d4e5f6a7b8c9d0e1f2a3b4c5d6e7f8a9b0c1d2","zksync","11","3","4","195000","Moderate","Business Logic Flaw","[""https://solidityscan.com/zksync-logic""]","SWC-123(Requirement Violation)","Unknown Unknowns",""
"0xd2e3f4a5b6c7d8e9f0a1b2c3d4e5f6a7b8c9d0e1f2a3b4c5d6e7f8a9b0c1d2e3","arbitrum","22","4","4","890000","Moderate","Price Manipulation","[""https://x.com/peckshield/status/arbitrum-2024""]","","",""
"0xe3f4a5b6c7d8e9f0a1b2c3d4e5f6a7b8c9d0e1f2a3b4c5d6e7f8a9b0c1d2e3f4","arbitrum","38","6","6","2100000","Complex","Flash Loan Attack","[""https://blocksec.com/arbitrum-flashloan""]","","",""
"0xf4a5b6c7d8e9f0a1b2c3d4e5f6a7b8c9d0e1f2a3b4c5d6e7f8a9b0c1d2e3f4a5","arbitrum","14","4","4","450000","Moderate","Access Control","[""https://certik.com/arbitrum-access-2024""]","SWC-105(Unprotected Ether Withdrawal)","Access Control",""
"0xa5b6c7d8e9f0a1b2c3d4e5f6a7b8c9d0e1f2a3b4c5d6e7f8a9b0c1d2e3f4a5b6","arbitrum","51","8","7","5400000","Exceptionally Complex","Business Logic Flaw","[""https://slowmist.com/arbitrum-logic""]","SWC-123(Requirement Violation)","Unknown Unknowns",""
"0xb6c7d8e9f0a1b2c3d4e5f6a7b8c9d0e1f2a3b4c5d6e7f8a9b0c1d2e3f4a5b6c7","arbitrum","17","4","4","330000","Moderate","Oracle Manipulation","[""https://phalcon.blocksec.com/arbitrum-oracle""]","","",""
"0xc7d8e9f0a1b2c3d4e5f6a7b8c9d0e1f2a3b4c5d6e7f8a9b0c1d2e3f4a5b6c7d8","arbitrum","29","5","5","1700000","Complex","Reentrancy","[""https://peckshield.com/arbitrum-reentrancy-2024""]","SWC-107(Reentrancy)","Reentrancy",""
"0xd8e9f0a1b2c3d4e5f6a7b8c9d0e1f2a3b4c5d6e7f8a9b0c1d2e3f4a5b6c7d8e9","arbitrum","9","3","3","78000","Simple","Integer Underflow","[""https://certik.com/arbitrum-underflow""]","SWC-101(Integer Overflow and Underflow)","Arithmetic Issues",""
"0xe9f0a1b2c3d4e5f6a7b8c9d0e1f2a3b4c5d6e7f8a9b0c1d2e3f4a5b6c7d8e9f0","arbitrum","44","7","7","3800000","Complex","Logic Flaw","[""https://slowmist.com/arbitrum-logicflaw-2024""]","","",""
"0xf0a1b2c3d4e5f6a7b8c9d0e1f2a3b4c5d6e7f8a9b0c1d2e3f4a5b6c7d8e9f0a1","arbitrum","36","6","6","2600000","Complex","Precision Loss","[""https://blocksec.com/arbitrum-precisionloss""]","","Arithmetic Issues",""
"0xa1b2c3d4e5f6a7b8c9d0e1f2a3b4c5d6e7f8a9b0c1d2e3f4a5b6c7d8e9f0a111","arbitrum","13","4","4","145000","Moderate","Unsafe Cast","[""https://halborn.com/arbitrum-cast""]","SWC-101(Integer Overflow and Underflow)","Arithmetic Issues",""
"0xb2c3d4e5f6a7b8c9d0e1f2a3b4c5d6e7f8a9b0c1d2e3f4a5b6c7d8e9f0a1b222","optimism","25","5","5","1800000","Complex","Price Manipulation","[""https://blocksec.com/optimism-price-2024""]","","",""
"0xc3d4e5f6a7b8c9d0e1f2a3b4c5d6e7f8a9b0c1d2e3f4a5b6c7d8e9f0a1b2c333","optimism","18","4","4","900000","Moderate","Flash Loan Attack","[""https://peckshield.com/optimism-flashloan""]","","",""
"0xd4e5f6a7b8c9d0e1f2a3b4c5d6e7f8a9b0c1d2e3f4a5b6c7d8e9f0a1b2c3d444","optimism","31","6","5","2300000","Complex","Reentrancy","[""https://certik.com/optimism-reentrancy-2024""]","SWC-107(Reentrancy)","Reentrancy",""
"0xe5f6a7b8c9d0e1f2a3b4c5d6e7f8a9b0c1d2e3f4a5b6c7d8e9f0a1b2c3d4e555","optimism","12","3","3","380000","Moderate","Access Control","[""https://halborn.com/optimism-access-2024""]","SWC-105(Unprotected Ether Withdrawal)","Access Control",""
"0xf6a7b8c9d0e1f2a3b4c5d6e7f8a9b0c1d2e3f4a5b6c7d8e9f0a1b2c3d4e5f666","optimism","8","3","3","56000","Simple","Logic Flaw","[""https://slowmist.com/optimism-logic""]","SWC-123(Requirement Violation)","",""
"0xa7b8c9d0e1f2a3b4c5d6e7f8a9b0c1d2e3f4a5b6c7d8e9f0a1b2c3d4e5f6a777","optimism","44","7","6","4100000","Complex","Business Logic Flaw","[""https://phalcon.blocksec.com/optimism-bizlogic""]","","Unknown Unknowns",""
"0xb8c9d0e1f2a3b4c5d6e7f8a9b0c1d2e3f4a5b6c7d8e9f0a1b2c3d4e5f6a7b888","optimism","16","4","4","720000","Moderate","Oracle Bad Price","[""https://certik.com/optimism-oracle""]","","",""
"0xc9d0e1f2a3b4c5d6e7f8a9b0c1d2e3f4a5b6c7d8e9f0a1b2c3d4e5f6a7b8c999","optimism","23","5","5","1350000","Complex","Precision Loss","[""https://blocksec.com/optimism-precisionloss""]","","Arithmetic Issues",""
"0xd0e1f2a3b4c5d6e7f8a9b0c1d2e3f4a5b6c7d8e9f0a1b2c3d4e5f6a7b8c9daaa","optimism","7","2","3","29000","Simple","Reentrancy","[""https://peckshield.com/optimism-reentrant-2025""]","SWC-107(Reentrancy)","Reentrancy",""
"0xe1f2a3b4c5d6e7f8a9b0c1d2e3f4a5b6c7d8e9f0a1b2c3d4e5f6a7b8c9d0ebbb","optimism","37","6","6","3200000","Complex","Incorrect Access Control","[""https://slowmist.com/optimism-access-2025""]","SWC-105(Unprotected Ether Withdrawal)","Access Control",""
"0xf2a3b4c5d6e7f8a9b0c1d2e3f4a5b6c7d8e9f0a1b2c3d4e5f6a7b8c9d0e1fccc","optimism","11","3","4","167000","Moderate","Insufficient Validation","[""https://halborn.com/optimism-validation""]","","",""
"0xa3b4c5d6e7f8a9b0c1d2e3f4a5b6c7d8e9f0a1b2c3d4e5f6a7b8c9d0e1f2addd","optimism","19","4","5","840000","Moderate","Flash Loan Attack","[""https://certik.com/optimism-flash-2025""]","","",""
"0xb4c5d6e7f8a9b0c1d2e3f4a5b6c7d8e9f0a1b2c3d4e5f6a7b8c9d0e1f2a3beee","optimism","29","5","5","2100000","Complex","Price Manipulation","[""https://peckshield.com/optimism-price-2025""]","","",""
"0xc5d6e7f8a9b0c1d2e3f4a5b6c7d8e9f0a1b2c3d4e5f6a7b8c9d0e1f2a3b4cfff","base","21","4","4","1100000","Complex","Flash Loan Attack","[""https://blocksec.com/base-flash-2024""]","","",""
"0xd6e7f8a9b0c1d2e3f4a5b6c7d8e9f0a1b2c3d4e5f6a7b8c9d0e1f2a3b4c5d000","base","14","3","3","540000","Moderate","Access Control","[""https://certik.com/base-access-2024""]","SWC-105(Unprotected Ether Withdrawal)","Access Control",""
"0xe7f8a9b0c1d2e3f4a5b6c7d8e9f0a1b2c3d4e5f6a7b8c9d0e1f2a3b4c5d6e111","base","33","6","5","2700000","Complex","Price Manipulation","[""https://peckshield.com/base-oracle-2024""]","","",""
"0xf8a9b0c1d2e3f4a5b6c7d8e9f0a1b2c3d4e5f6a7b8c9d0e1f2a3b4c5d6e7f222","base","9","3","3","78000","Simple","Logic Flaw","[""https://halborn.com/base-logic-2024""]","SWC-123(Requirement Violation)","",""
"0xa9b0c1d2e3f4a5b6c7d8e9f0a1b2c3d4e5f6a7b8c9d0e1f2a3b4c5d6e7f8a333","base","26","5","5","1900000","Complex","Reentrancy","[""https://blocksec.com/base-reentrancy-2024""]","SWC-107(Reentrancy)","Reentrancy",""
"0xb0c1d2e3f4a5b6c7d8e9f0a1b2c3d4e5f6a7b8c9d0e1f2a3b4c5d6e7f8a9b444","base","17","4","4","890000","Moderate","Business Logic Flaw","[""https://slowmist.com/base-logic-2025""]","","Unknown Unknowns",""
"0xc1d2e3f4a5b6c7d8e9f0a1b2c3d4e5f6a7b8c9d0e1f2a3b4c5d6e7f8a9b0c555","base","41","7","6","4300000","Complex","Oracle Manipulation","[""https://peckshield.com/base-oracle-2025""]","","",""
"0xd2e3f4a5b6c7d8e9f0a1b2c3d4e5f6a7b8c9d0e1f2a3b4c5d6e7f8a9b0c1d666","base","12","3","4","350000","Moderate","Precision Loss","[""https://certik.com/base-precision-2025""]","","Arithmetic Issues",""
"0xe3f4a5b6c7d8e9f0a1b2c3d4e5f6a7b8c9d0e1f2a3b4c5d6e7f8a9b0c1d2e777","base","8","2","3","42000","Simple","Access Control","[""https://blocksec.com/base-access-2025""]","SWC-105(Unprotected Ether Withdrawal)","Access Control",""
"0xf4a5b6c7d8e9f0a1b2c3d4e5f6a7b8c9d0e1f2a3b4c5d6e7f8a9b0c1d2e3f888","base","19","4","4","670000","Moderate","Incorrect Reward Calculation","[""https://halborn.com/base-reward-2025""]","","Unknown Unknowns",""
"0xa5b6c7d8e9f0a1b2c3d4e5f6a7b8c9d0e1f2a3b4c5d6e7f8a9b0c1d2e3f4a999","base","27","5","5","1500000","Complex","Flash Loan Attack","[""https://slowmist.com/base-flash-2025""]","","",""
"0xb6c7d8e9f0a1b2c3d4e5f6a7b8c9d0e1f2a3b4c5d6e7f8a9b0c1d2e3f4a5baaa","base","14","3","3","230000","Moderate","Integer Overflow","[""https://certik.com/base-overflow-2025""]","SWC-101(Integer Overflow and Underflow)","Arithmetic Issues",""
"0xc7d8e9f0a1b2c3d4e5f6a7b8c9d0e1f2a3b4c5d6e7f8a9b0c1d2e3f4a5b6cbbb","bsc","13","3","3","62000","Simple","Deflationary Token Attack","[""https://x.com/TenArmorAlert/status/bsc-deflationary-2024""]","","",""
"0xd8e9f0a1b2c3d4e5f6a7b8c9d0e1f2a3b4c5d6e7f8a9b0c1d2e3f4a5b6c7dccc","bsc","17","4","4","234800","Moderate","Incorrect Input Validation","[""https://x.com/Phalcon_xyz/status/1838042368018137547""]","","",""
"0xe9f0a1b2c3d4e5f6a7b8c9d0e1f2a3b4c5d6e7f8a9b0c1d2e3f4a5b6c7d8eddd","bsc","9","3","3","280000","Moderate","Flash Loan Attack","[""https://x.com/peckshield/status/bsc-flash-2024""]","","",""
"0xf0a1b2c3d4e5f6a7b8c9d0e1f2a3b4c5d6e7f8a9b0c1d2e3f4a5b6c7d8e9feee","bsc","23","4","4","131000","Moderate","Rug Pull","[""https://x.com/TenArmorAlert/status/bsc-rugpull-2024""]","","Access Control",""
"0xa1b2c3d4e5f6a7b8c9d0e1f2a3b4c5d6e7f8a9b0c1d2e3f4a5b6c7d8e9f0afff","bsc","15","4","4","95700","Moderate","Logic Flaw","[""https://x.com/TenArmorAlert/status/bsc-logic-2024""]","SWC-123(Requirement Violation)","Unknown Unknowns",""
"0xb2c3d4e5f6a7b8c9d0e1f2a3b4c5d6e7f8a9b0c1d2e3f4a5b6c7d8e9f0a1b111","bsc","31","5","5","447000","Complex","Reflection Token","[""https://blocksec.com/bsc-reflection-2024""]","","",""
"0xc3d4e5f6a7b8c9d0e1f2a3b4c5d6e7f8a9b0c1d2e3f4a5b6c7d8e9f0a1b2c222","bsc","8","2","3","28000","Simple","Sandwich Attack","[""https://peckshield.com/bsc-sandwich-2024""]","SWC-114(Transaction Order Dependence)","Front-Running",""


