txn_hash,chain,functioncall_count,address_count,max_depth,gas_cost,class,vuln_type,analysis,swc_registry_classification,dasp_classification,uncategorized
0xbea605b238c85aabe5edc636219155d8c4879d6b05c48091cf1f7286bd4702ba,bsc,2,2,2,30576,Moderate,Improper Access Control of Close-source contract,['https://twitter.com/numencyber/status/1661213691893944320'],,Access Control,
0x0237855c63eb85c5f437fba5267cc869a08c58a49501e3e5ebec9990bdd97565,bsc,2,1,2,46839,Moderate,CompoundV2 Inflation Attack,['https://twitter.com/AnciliaInc/status/1741353303542501455'],,Arithmetic Issues,
0x57b589f631f8ff20e2a89a649c4ec2e35be72eaecf155fdfde981c0fec2be5ba,bsc,2,2,2,47405,Moderate,Improper Access Control of Close-source contract,['https://twitter.com/numencyber/status/1661213691893944320'],,Access Control,
0x20ecd8310a2cc7f7774aa5a045c8a99ad84a8451d6650f24e0911e9f4355b13a,bsc,1,1,1,47761,Moderate,Business Logic Flaw,['https://app.blocksec.com/explorer/tx/bsc/0x20ecd8310a2cc7f7774aa5a045c8a99ad84a8451d6650f24e0911e9f4355b13a'],,Unknown Unknowns,
0x90b468608fbcc7faef46502b198471311baca3baab49242a4a85b73d4924379b,eth,12,3,4,58349,Moderate,Arbitrary External Call Vulnerability,"['https://twitter.com/MevRefund/status/1622793836291407873', 'https://twitter.com/peckshield/status/1622801412727148544']",SWC-112(Delegatecall to Untrusted Callee),,
0xb61413c495fdad6114a7aa863a00b2e3c28945979a10885b12b30316ea9f072c,eth,3,3,3,60981,Moderate,Phishing attack,"['https://x.com/zachxbt/status/1893211577836302365', 'https://x.com/SlowMist_Team/status/1892963250385592345', 'https://x.com/PatrickAlphaC/status/1893215304135618759']",,,uncategorized_social_engineering
0x3ed75df83d907412af874b7998d911fdf990704da87c2b1a8cf95ca5d21504cf,eth,11,3,4,64853,Moderate,No input validation,"['https://twitter.com/peckshield/status/1583416829237526528', 'https://blog.solidityscan.com/olympus-dao-hack-analysis-f07d2a64f5ee', 'https://mirror.xyz/0xbanky.eth/c7G9ZfTB8pzQ5cCMw5UhdFehmR6l0fVqd_B-ZuXz2_o']",,,uncategorized_input_validation
0x23fcf9d4517f7cc39815b09b0a80c023ab2c8196c826c93b4100f2e26b701286,eth,6,3,4,68921,Moderate,Arbitrary External Call Vulnerability,['https://twitter.com/Phalcon_xyz/status/1763045563040411876'],SWC-112(Delegatecall to Untrusted Callee),,
0x46deef0f52e3a983b67abf4714448a41dd7ffd6d32d32da69d62081c68ad7882,eth,8,3,3,70224,Moderate,Phishing attack,"['https://x.com/zachxbt/status/1893211577836302365', 'https://x.com/SlowMist_Team/status/1892963250385592345', 'https://x.com/PatrickAlphaC/status/1893215304135618759']",,,uncategorized_social_engineering
0xac7292e7d0ec8ebe1c94203d190874b2aab30592327b6cc875d00f18de6f3133,eth,5,5,5,71514,Moderate,Bridge address(0).safeTransferFrom() does not revert,['https://twitter.com/QubitFin/status/1486965562903531522'],SWC-104(Unchecked Call Return Value),Unchecked Return Values For Low Level Calls,
0x2606d459a50ca4920722a111745c2eeced1d8a01ff25ee762e22d5d4b1595739,eth,9,3,4,76113,Moderate,Logic Flaw,"['https://medium.com/@CUBE3AI/hedgey-finance-hack-detected-by-cube3-ai-minutes-before-exploit-1f500e7052d4', 'https://twitter.com/Cube3AI/status/1781294512716820918']",SWC-123(Requirement Violation),,
0xc0be8c3792a5b1ba7d653dc681ff611a5b79a75fe51c359cf1aac633e9441574,eth,7,4,4,87076,Moderate,lack of validation,['https://app.blocksec.com/explorer/tx/eth/0xa4d7ee2ddb9db06961a17e2a5ae71743a266bcb720be138670f4a10e8dfc13e9'],,,uncategorized_input_validation
0x491cf8b2a5753fdbf3096b42e0a16bc109b957dc112d6537b1ed306e483d0744,eth,15,5,6,94925,Moderate,Incorrect input validation,['https://x.com/shoucccc/status/1815981585637990899'],,,uncategorized_input_validation
0xfc872bf5ca8f04b18b82041ec563e4abf2e31e1fc27d1ea5dee39bc8a79d2d06,eth,10,3,4,98786,Moderate,Lack of access control,['https://x.com/DecurityHQ/status/1680117291013267456'],SWC-105(Unprotected Ether Withdrawal),Access Control,
0x21d8b164f0cb8beb1ed27d164ed986c3fc26b33655ce18226b05b9cfcf6cd93c,bsc,21,3,4,101327,Complex,Arbitrary External Call ,"['https://x.com/CertiKAlert/status/1779863821122691519', 'https://x.com/ChainAegis/status/1780064080512143429', 'https://github.com/Autosaida/DeFiHackAnalysis/blob/master/analysis/240415_ChaingeFinance.md']",SWC-112(Delegatecall to Untrusted Callee),,
0xc9b2cbc1437bbcd8c328b6d7cdbdae33d7d2a9ef07eca18b4922aac0430991e7,eth,4,3,4,102725,Complex,Business Logic Flaw,['https://medium.com/@juicebotapp/juice-staking-exploit-next-steps-95e218b3ec71'],,Unknown Unknowns,
0xf0a13b445674094c455de9e947a25bade75cac9f5176695fca418898ea25742f,eth,11,4,5,104801,Complex,Incorrect access control,['https://twitter.com/numencyber/status/1669278694744150016?cxt=HHwWgMDS9Z2IvKouAAAA'],,Access Control,
0x800a5b3178f680feebb81af69bd3dff791b886d4ce31615e601f2bb1f543bb2e,eth,21,5,6,111575,Complex,Incorrect access control,['https://twitter.com/numencyber/status/1669278694744150016?cxt=HHwWgMDS9Z2IvKouAAAA'],,Access Control,
0xdd0636e2598f4d7b74f364fedb38f334365fd956747a04a6dd597444af0bc1c0,eth,18,4,5,114546,Complex,unverified external call,"['https://twitter.com/Phalcon_xyz/status/1766274000534004187', 'https://twitter.com/AnciliaInc/status/1766261463025684707']",SWC-104(Unchecked Call Return Value),Unchecked Return Values For Low Level Calls,
0x1194e1d6085885ce054a7ff8cd3cd0c3fa308ec87e4ccde8dd0549842fef4f1b,eth,8,3,4,114880,Complex,lack-of-access-control,['https://x.com/SlowMist_Team/status/1808334870650970514'],SWC-105(Unprotected Ether Withdrawal),Access Control,
0x0b062361e16a2ea0942cc1b4462b6584208c8c864609ff73aaa640aaa2d92428,eth,36,13,9,138129,Complex,Flashloan Attack,['https://dodoexhelp.zendesk.com/hc/en-us/articles/900004851126-Important-update-regarding-recent-events-on-DODO'],,,uncategorized_flash_loan
0x33479bcfbc792aa0f8103ab0d7a3784788b5b0e1467c81ffbed1b7682660b4fa,eth,7,4,5,140841,Complex,Underflow,['https://twitter.com/ishwinder/status/1505555913658314761'],SWC-101(Integer Overflow and Underflow),Arithmetic Issues,
0x9f4ef3cc55b016ea6b867807a09f80d1b2e36f6cd6fccfaf0182f46060332c57,bsc,16,4,4,148842,Complex,Incorrect signature verification,"['https://bscscan.com/token/0xc342774492b54ce5f8ac662113ed702fc1b34972#code#L1257', 'https://twitter.com/AnciliaInc/status/1582828751250784256', 'https://twitter.com/peckshield/status/1582892058800685058']",SWC-117(Signature Malleability),,
0x8c3f442fc6d640a6ff3ea0b12be64f1d4609ea94edd2966f42c01cd9bdcf04b5,eth,10,4,4,173509,Complex,Insufficient access control,"['https://twitter.com/BlockSecTeam/status/1579843881893769222', 'https://twitter.com/FrankResearcher/status/1579840347647414272', 'https://twitter.com/spreekaway/status/1579836562338361345', 'https://rekt.news/templedao-rekt/']",,Access Control,
0xd9b3e229acc755881890394cc76fde0d7b83b1abd4d046b0f69c1fd9fd495ff6,eth,31,4,5,180919,Complex,lack of validation data,['https://twitter.com/Phalcon_xyz/status/1758028270770250134'],,,uncategorized_input_validation
0x3c09c6306b67737227edc24c663462d870e7c2bf39e9ab66877a980c900dd5d5,eth,19,7,6,190317,Complex,Storage Collision & Malicious Proposal,"['https://twitter.com/AudiusProject/status/1551000725169180672', 'https://blog.audius.co/article/audius-governance-takeover-post-mortem-7-23-22', 'https://twitter.com/1nf0s3cpt/status/1551050841146400768', 'https://abmedia.io/20220724-audius-hacked-by-mal-governance-proposal', 'https://twitter.com/BeosinAlert/status/1551041795735408641', 'https://twitter.com/CertiKAlert/status/1551020421532770305', 'https://twitter.com/MistTrack_io/status/1551204726661734400']",SWC-124(Write to Arbitrary Storage Location),,
0x998f1da472d927e74405b0aa1bbf5c1dbc50d74b39977bed3307ea2ada1f1d3f,eth,43,5,7,191309,Complex,unverified external call,['https://x.com/CyversAlerts/status/1780593407871635538'],SWC-104(Unchecked Call Return Value),Unchecked Return Values For Low Level Calls,
0x35a73969f582872c25c96c48d8bb31c23eab8a49c19282c67509b96186734e60,eth,18,6,6,205473,Complex,Incorrect Access Control,['https://medium.com/neptune-mutual/analysis-of-the-paraswap-exploit-1f97c604b4fe'],,Access Control,
0x72a252277e30ea6a37d2dc9905c280f3bc389b87f72b81a59aa8f50baebd8eaa,eth,9,4,5,213714,Complex,Incorrect reward calculation,['https://x.com/TenArmorAlert/status/1875582709512188394'],,Unknown Unknowns,
0xa992b28ecf2eed778d20d5200946ea341b950be0c3d78b1f2237a4d8d795de95,eth,31,5,6,238750,Complex,Price Manipulation,['https://medium.com/@Knownsec_Blockchain_Lab/knownsec-blockchain-lab-formation-fi-flash-loan-security-incident-analysis-8a24555f8356'],,,uncategorized_oracle_manipulation
0x07e5568b71f1f4d9234d5925473c598865c5ee1800348c1c4b044c6f0223f308,eth,46,7,5,244921,Complex,Logic Flaw,['https://twitter.com/Soda_finance/status/1307689921629560833'],SWC-123(Requirement Violation),,
0x48d22ea24c1ae707b8b17ca2a3ea81a1aee64a075d93e5bff81a7370e2cacea7,eth,46,7,5,259921,Complex,Incorrect Liquidation Calculation,['https://anchainai.medium.com/soda-finance-hack-could-formal-verification-have-prevented-it-code-included-71b6e9f94ea5'],,Unknown Unknowns,
0xdaccbc437cb07427394704fbcc8366589ffccf974ec6524f3483844b043f31d5,eth,112,7,5,290596,Complex,Arbitrary External Call Vulnerability,['https://mirror.xyz/revertfinance.eth/3sdpQ3v9vEKiOjaHXUi3TdEfhleAXXlAEWeODrRHJtU'],SWC-112(Delegatecall to Untrusted Callee),,
0x138daa4cbeaa3db42eefcec26e234fc2c89a4aa17d6b1870fc460b2856fd11a6,eth,69,11,8,298633,Complex,Arbitrary External Call Vulnerability,"['https://twitter.com/peckshield/status/1626493024879673344', 'https://twitter.com/MevRefund/status/1626450002254958592']",SWC-112(Delegatecall to Untrusted Callee),,
0x19c04bc04ee8117abfdf0c9301787b12b27f3c5c13308b4f66711a8f0ecacc62,eth,44,7,5,306134,Complex,Logic Flaw,['https://twitter.com/Soda_finance/status/1307689921629560833'],SWC-123(Requirement Violation),,
0x8a8145ab28b5d2a2e61d74c02c12350731f479b3175893de2014124f998bff32,eth,101,13,9,315534,Complex,Protocol Token incompatible,['https://twitter.com/BlockSecTeam/status/1595346020237352960'],,,uncategorized_token_specific
0xda8f6a4bed7e5689a343d111632d37480c0316f1d20b732803c4bd482823e284,eth,33,6,5,316348,Complex,business logic flaw,['https://x.com/ChainAegis/status/1802550962977964139'],,Unknown Unknowns,
0x256979ae169abb7fbbbbc14188742f4b9debf48b48ad5b5207cadcc99ccb493b,eth,51,13,8,365349,Complex,Overpriced Asset in Oracle,['https://x.com/omeragoldberg/status/1845515843787960661'],,,uncategorized_oracle_manipulation
0xd4fafa1261f6e4f9c8543228a67caf9d02811e4ad3058a2714323964a8db61f6,eth,49,7,7,368666,Complex,Insufficient Validation Reentrancy,['https://twitter.com/BlockSecTeam/status/1608372475225866240'],SWC-107(Reentrancy),Reentrancy,
0x6bfd9e286e37061ed279e4f139fbc03c8bd707a2cdd15f7260549052cbba79b7,eth,185,13,9,375210,Complex,Reentrancy,"['https://twitter.com/BlockSecTeam/status/1590960299246780417', 'https://twitter.com/BeosinAlert/status/1591012525914861570', 'https://twitter.com/AnciliaInc/status/1590839104731684865', 'https://twitter.com/peckshield/status/1590831589004816384']",SWC-107(Reentrancy),Reentrancy,
0xeaef2831d4d6bca04e4e9035613be637ae3b0034977673c1c2f10903926f29c0,eth,126,7,5,392041,Complex,Arbitrary External Call Vulnerability,['https://medium.com/neptune-mutual/decoding-brahma-brahtopg-smart-contract-vulnerability-7b7c364b79d8'],SWC-112(Delegatecall to Untrusted Callee),,
0x90fb0c9976361f537330a5617a404045ffb3fef5972cf67b531386014eeae7a9,eth,80,11,5,395733,Complex,AMM Price Manipulation Attack via Bridge Configuration,['https://slowmist.medium.com/slow-mist-sushiswap-was-attacked-for-the-second-time-a47f2d110a84'],,,uncategorized_oracle_manipulation
0x6200bf5c43c214caa1177c3676293442059b4f39eb5dbae6cfd4e6ad16305668,eth,66,8,7,426803,Complex,Reflection token,['https://twitter.com/libevm/status/1618731761894309889'],,,uncategorized_token_specific
0x4f4d6909a442b4d86f79a9044dcada6a128ddd9f62c26f410134a72d2fc31389,eth,100,10,8,430555,Complex,Arbitrary External Call,"['https://twitter.com/Phalcon_xyz/status/1717014871836098663', 'https://twitter.com/BeosinAlert/status/1717013965203804457']",SWC-112(Delegatecall to Untrusted Callee),,
0x6fb7f8e9eb09d6ae17dbe82b2b42f46f64fb9c3197438b68ecf03e832d5fc791,eth,115,8,9,447332,Complex,business logic flaw,['https://x.com/ChainAegis/status/1775351437410918420'],,Unknown Unknowns,
0x35ecf595864400696853c53edf3e3d60096639b6071cadea6076c9c6ceb921c1,eth,95,17,11,512472,Complex,MEVBOT a47b,"['https://twitter.com/BlockSecTeam/status/1580779311862190080', 'https://twitter.com/AnciliaInc/status/1580705036400611328']",SWC-114(Transaction Order Dependence),Front-Running,
0x09925028ce5d6a54801d04ff8f39e79af6c24289e84b301ddcdb6adfa51e901b,bsc,67,8,7,582128,Complex,Reflection token,['https://twitter.com/BeosinAlert/status/1622806011269771266'],,,uncategorized_token_specific
0xc18ec2eb7d41638d9982281e766945d0428aaeda6211b4ccb6626ea7cff31f4a,eth,49,8,5,589066,Complex,Malicious Proposal Mint & Transfer Ownership,"['https://medium.com/xave-finance/post-mortem-safenap-dao-module-bug-505958e9c716', 'https://gist.github.com/andreiashu/da5909a7230ff67a8c3b4018a9717276', 'https://twitter.com/BeosinAlert/status/1579040051853303808', 'https://twitter.com/AnciliaInc/status/1578952542926491650']",,Access Control,
0xd927843e30c6b2bf43103d83bca6abead648eac3cad0d05b1b0eb84cd87de9b6,eth,167,6,6,594352,Complex,FlashLoan,['https://www.quadrigainitiative.com/hackfraudscam/ompxapplicationsmartcontractemptied.php'],,,uncategorized_flash_loan
0xfe8bc757d87e97a5471378c90d390df47e1b29bb9fca918b94acd8ecfaadc598,eth,107,11,9,612296,Complex,Price Out Of Date,['https://lunaray.medium.com/zenterest-hack-analysis-d69ffbeb07e1'],,Time manipulation,
0x3d163bfbec5686d428a6d43e45e2626a220cc4fcfac7620c620b82c1f2537c78,eth,146,17,10,616504,Complex,Price-caching Design Defect,"['https://eigenphi.substack.com/p/casting-a-magic-spell-on-abracadabra', 'https://twitter.com/BlockSecTeam/status/1603633067876155393']",,,uncategorized_oracle_manipulation
0xf1818f62c635e5c80ef16b7857da812c74ce330ebed46682b4d173bffe84c666,eth,86,13,8,696116,Complex,Price Manipulation,['https://circleci.com/blog/jan-4-2023-incident-report/'],,,uncategorized_oracle_manipulation
0x4019890fe5a5bd527cd3b9f7ee6d94e55b331709b703317860d028745e33a8ca,eth,107,17,7,712167,Complex,business logic flaw,['https://x.com/8olidity/status/1767470002566058088'],,Unknown Unknowns,
0xa4e650772f6e6b7ecc0964fe4c3854850669d1467570a2fa2b6edfa0f112c4b7,eth,90,13,8,741465,Complex,Price Manipulation,['https://www.linkedin.com/pulse/my-thoughts-circle-ci-friday-hack-post-mortem-ethan-heilman/'],,,uncategorized_oracle_manipulation
0x7604c7dd6e9bcdba8bac277f1f8e7c1e4c6bb57afd4ddf6a16f629e8495a0281,eth,312,16,11,753984,Complex,,['https://twitter.com/PunkProtocol/status/1425220676382724098'],,,oracle_manipulation
0xaf46a42fe1ed7193b25c523723dc047c7500e50a00ecb7bbb822d665adb3e1f3,eth,96,8,6,769208,Complex,Price Manipulation,['https://twitter.com/hexagate_/status/1666051854386511873?cxt=HHwWgoC24bPVgJ8uAAAA'],,,uncategorized_oracle_manipulation
0x597d11c05563611cb4ad4ed4c57ca53bbe3b7d3fefc37d1ef0724ad58904742b,eth,231,16,10,772690,Complex,,['https://twitter.com/PunkProtocol/status/1425220676382724098'],,,oracle_manipulation
0xcdd93e37ba2991ce02d8ca07bf6563bf5cd5ae801cbbce3dd0babb22e30b2dbe,eth,177,16,12,773760,Complex,Price Manipulation,['https://twitter.com/DecurityHQ/status/1692924369662513472'],,,uncategorized_oracle_manipulation
0x0eb8f8d148508e752d9643ccf49ac4cb0c21cbad346b5bbcf2d06974d31bd5c4,eth,168,4,83,794646,Complex,Reentrancy && Business Logic Flaw,['https://twitter.com/AnciliaInc/status/1757533144033739116'],SWC-107(Reentrancy),Reentrancy,
0xbd72bccec6dd824f8cac5d9a3a2364794c9272d7f7348d074b580e3c6e44312e,eth,71,6,6,831620,Complex,Business Logic Flaw,['https://twitter.com/DecurityHQ/status/1698064511230464310'],,Unknown Unknowns,
0xa6f63fcb6bec8818864d96a5b1bb19e8bd85ee37b2cc916412e720988440b2aa,eth,155,16,14,897331,Complex,Reentrancy,"['https://twitter.com/peckshield/status/1621337925228306433', 'https://twitter.com/BlockSecTeam/status/1621263393054420992', 'https://www.numencyber.com/analysis-of-orionprotocol-reentrancy-attack-with-poc/', 'https://github.com/SunWeb3Sec/DeFiHackLabs#20221223---defrost---reentrancy', 'https://github.com/SunWeb3Sec/DeFiHackLabs#20221110---dfxfinance---reentrancy']",SWC-107(Reentrancy),Reentrancy,
0x3f1973fe56de5ecd59a815d3b14741cf48385903b0ccfe248f7f10c2765061f7,bsc,28,5,5,913452,Complex,Access Control,['https://twitter.com/peckshield/status/1654667621139349505'],,Access Control,
0x2e832f044b4a0a0b8d38166fe4d781ab330b05b9efa9e72a7a0895f1b984084b,eth,158,6,5,922911,Complex,Reflection token,['https://github.com/Autosaida/DeFiHackAnalysis/blob/master/analysis/230119_SHOCO.md'],,,uncategorized_token_specific
0xb36486f032a450782d5d2fac118ea90a6d3b08cac3409d949c59b43bcd6dbb8f,eth,215,18,9,970085,Complex,Business Logic Flaw,['https://quillaudits.medium.com/decoding-elastic-swaps-850k-exploit-quillaudits-9ceb7fcd8d1a'],,Unknown Unknowns,
0xaee0f8d1235584a3212f233b655f87b89f22f1d4890782447c4ef742b37af58d,eth,176,19,12,980821,Complex,Oracle bad price,"['https://debank.com/profile/0x2f99fb66ea797e7fa2d07262402ab38bd5e53b12', 'https://twitter.com/0xLEVI104/status/1762092203894276481']",,,uncategorized_oracle_manipulation
0x24a68d2a4bbb02f398d3601acfd87b09f543d935fc24862c314aaf64c295acdb,bsc,39,6,5,1012928,Exceptionally Complex,Reflection tokens,['https://twitter.com/DecurityHQ/status/1671803688996806656'],,,uncategorized_token_specific
0x873f7c77d5489c1990f701e9bb312c103c5ebcdcf0a472db726730814bfd55f3,eth,451,8,9,1049170,Exceptionally Complex,Incorrect Logic Check,['https://x.com/BlockSecTeam/status/1557195012042936320'],SWC-123(Requirement Violation),,
0xcbe521aea28911fe9983030748028e12541e347b8b6b974d026fa5065c22f0cf,eth,409,3,5,1088324,Exceptionally Complex,Arbitrary External Call,['https://twitter.com/PeckShieldAlert/status/1719251390319796477'],SWC-112(Delegatecall to Untrusted Callee),,
0x4c684fb2618c29743531dec9253ede1b757bda0b323dc2f305e3b50ab1773da7,eth,227,30,15,1106358,Exceptionally Complex,CompoundV2 Inflation Attack,['https://x.com/MetaSec_xyz/status/1728424965257691173'],,Arithmetic Issues,
0xcf834aff4de9992f5da9c443600dad9c6277a8a00de5007842fece51564992db,eth,48,10,8,1128042,Exceptionally Complex,incorrect-access-control,['https://x.com/EXVULSEC/status/1753294675971313790'],,Access Control,
0x12fe79f1de8aed0ba947cec4dce5d33368d649903cb45a5d3e915cc459e751fc,eth,43,8,6,1272734,Exceptionally Complex,lack of access control,"['https://neptunemutual.com/blog/how-was-galaxy-fox-token-exploited/', 'https://twitter.com/CertiKAlert/status/1788751142144401886']",SWC-105(Unprotected Ether Withdrawal),Access Control,
0x2a027c8b915c3737942f512fc5d26fd15752d0332353b3059de771a35a606c2d,eth,267,29,12,1813682,Exceptionally Complex,Rounding Error && Business Logic Flaw,"['https://blocksecteam.medium.com/yet-another-risk-posed-by-precision-loss-an-in-depth-analysis-of-the-recent-balancer-incident-fad93a3c75d4', 'https://medium.com/balancer-protocol/rate-manipulation-in-balancer-boosted-pools-technical-postmortem-53db4b642492', 'https://twitter.com/wavey0x/status/1702311454689357851']",,Arithmetic Issues,
0xc310a0affe2169d1f6feec1c63dbc7f7c62a887fa48795d327d4d2da2d6b111d,eth,258,28,13,1949994,Exceptionally Complex,Business Logic Flaw,"['https://twitter.com/FrankResearcher/status/1635241475989721089', 'https://twitter.com/nomorebear/status/1635230621856600064', 'https://twitter.com/peckshield/status/1635229594596036608', 'https://twitter.com/BlockSecTeam/status/1635262150624305153', 'https://twitter.com/SlowMist_Team/status/1635288963580825606']",,Unknown Unknowns,
0xdf6252854362c3e96fd086d9c3a5397c303d265649aee0b023176bb49cf00d4b,bsc,510,22,10,2049655,Exceptionally Complex,Yield Protocol Flaw,['https://twitter.com/LTV888/status/1640563457094451214?t=OBHfonYm9yYKvMros6Uw_g&s=19'],,Unknown Unknowns,
0x3bba4fb6de00dd38df3ad68e51c19fe575a95a296e0632028f101c5199b6f714,eth,553,50,12,2146365,Exceptionally Complex,sandwich ack,['https://learnblockchain.cn/article/12010'],SWC-114(Transaction Order Dependence),Front-Running,
0x06d7e7436414c658a33452d28400799f3637e83930dcec39b3bd065dabc6ef04,eth,294,15,8,2158983,Exceptionally Complex,Business Logic Flaw,['https://x.com/ChainAegis/status/1761246415488225668'],,Unknown Unknowns,
0x95c1604789c93f41940a7fd9eca11276975a9a65d250b89a247736287dbd2b7e,eth,653,7,6,2163064,Exceptionally Complex,Reentrancy,['https://www.halborn.com/blog/post/explained-the-penpie-hack-september-2024'],SWC-107(Reentrancy),Reentrancy,
0x1fe5a53405d00ce2f3e15b214c7486c69cbc5bf165cf9596e86f797f62e81914,eth,594,42,17,2204199,Exceptionally Complex,Storage Collision,"['https://twitter.com/peckshield/status/1630490333716029440', 'https://twitter.com/drdr_zz/status/1630500170373685248', 'https://twitter.com/gbaleeeee/status/1630587522698080257']",SWC-124(Write to Arbitrary Storage Location),,
0x995e880635f4a7462a420a58527023f946710167ea4c6c093d7d193062a33b01,eth,702,9,6,2205636,Exceptionally Complex,Reentrancy,"['https://phalcon.blocksec.com/explorer/security-incidents', 'https://www.bitget.com/news/detail/12560603890246', 'https://twitter.com/Phalcon_xyz/status/1751788389139992824']",SWC-107(Reentrancy),Reentrancy,
0xd493c73397952049644c531309df3dd4134bf3db1e64eb6f0b68b016ee0bffde,eth,621,73,12,2466907,Exceptionally Complex,Lack Slippage Protection,['https://medium.com/@Hypernative/exotic-culinary-hypernative-systems-caught-a-unique-sandwich-attack-against-curve-finance-6d58c32e436b'],,,uncategorized_slippage
0x958236266991bc3fe3b77feaacea120f172c0708ad01c7a715b255f218f9313c,eth,412,44,13,2505709,Exceptionally Complex,,['https://twitter.com/peckshield/status/1537383690262589440'],,,oracle_manipulation
0x160c5950a01b88953648ba90ec0a29b0c5383e055d35a7835d905c53a3dda01e,eth,1079,43,19,2544381,Exceptionally Complex,Verify flashLoan Callback,"['https://twitter.com/Supremacy_CA/status/1581012823701786624', 'https://twitter.com/MevRefund/status/1580917351217627136', 'https://twitter.com/danielvf/status/1580936010556661761']",SWC-104(Unchecked Call Return Value),Unchecked Return Values For Low Level Calls,
0x1f1aba5bef04b7026ae3cb1cb77987071a8aff9592e785dd99860566ccad83d1,eth,1782,41,16,2573638,Exceptionally Complex,Verify flashLoan Callback,"['https://twitter.com/Supremacy_CA/status/1581012823701786624', 'https://twitter.com/MevRefund/status/1580917351217627136', 'https://twitter.com/danielvf/status/1580936010556661761']",SWC-104(Unchecked Call Return Value),Unchecked Return Values For Low Level Calls,
0x0fc5c0d41e5506fdb9434fab4815a4ff671afc834e47a533b3bed7182ece73b0,eth,450,30,14,2577128,Exceptionally Complex,Inflation Attack,['https://x.com/MetaSec_xyz/status/1730811240942088263'],,Arithmetic Issues,
0xf4a3d0e01bbca6c114954d4a49503fc94dfdbc864bded5530b51a207640d86b5,eth,56,9,7,2608023,Exceptionally Complex,Access Control,"['https://twitter.com/peckshield/status/1581988895142526976', 'https://quillaudits.medium.com/access-control-vulnerability-in-defi-quillaudits-909e7ed4582c']",,Access Control,
0x1106418384414ed56cd7cbb9fedc66a02d39b663d580abc618f2d387348354ab,eth,1177,53,17,2801096,Exceptionally Complex,Price Manipulation,['https://getherscan.io/tx/0x1106418384414ed56cd7cbb9fedc66a02d39b663d580abc618f2d387348354ab'],,,uncategorized_oracle_manipulation
0xc42fc0e22a0f60cc299be80eb0c0ddce83c21c14a3dddd8430628011c3e20d6b,eth,234,12,7,2836400,Exceptionally Complex,Lack of access control,"['https://twitter.com/HypernativeLabs/status/1677529544062803969', 'https://twitter.com/BeosinAlert/status/1677548773269213184']",SWC-105(Unprotected Ether Withdrawal),Access Control,
0xeb8c3bebed11e2e4fcd30cbfc2fb3c55c4ca166003c7f7d319e78eaab9747098,eth,546,25,15,3483846,Exceptionally Complex,Flashloan,['https://medium.com/coinmonks/technical-analysis-of-ape-attack-events-2c624d56c42d],,,uncategorized_flash_loan
0xe8277ef6ba8611bd12dc5a6e7ca4b984423bc0b3828159f83b466fdcf4fe054f,eth,896,3,4,3784957,Exceptionally Complex,business logic flaw,['https://quadrigainitiative.com/casestudy/jokintheboxethunstakingvulnerability.php'],,Unknown Unknowns,
0x4e5bb7e3f552f5ee6ee97db9a9fcf07287aae9a1974e24999690855741121aff,bsc,578,10,8,3981292,Exceptionally Complex,Logic Flaw,['https://blog.verichains.io/p/mosca-hack-analysis'],SWC-123(Requirement Violation),,
0x6e6e556a5685980317cb2afdb628ed4a845b3cbd1c98bdaffd0561cb2c4790fa,eth,2912,49,27,4480038,Exceptionally Complex,Reentrancy,['https://twitter.com/Phalcon_xyz/status/1689182459269644288'],SWC-107(Reentrancy),Reentrancy,
0x1ea0a2e88efceccb2dd93e6e5cb89e5421666caeefb1e6fc41b68168373da342,eth,957,52,9,4504552,Exceptionally Complex,Incorrect Access Control,['https://twitter.com/MetaSec_xyz/status/1749743245599617282'],,Access Control,
0x725f0d65340c859e0f64e72ca8260220c526c3e0ccde530004160809f6177940,eth,104,28,10,4506690,Exceptionally Complex,Swap ETH/BTC 1/1 in mint function,['https://twitter.com/rotcivegaf'],,Unknown Unknowns,
0x9f14d093a2349de08f02fc0fb018dadb449351d0cdb7d0738ff69cc6fef5f299,eth,1793,17,10,4684892,Exceptionally Complex,Price Manipulation,['https://twitter.com/BlockSecTeam/status/1465690490213261323'],,,uncategorized_oracle_manipulation
0x8e1b0ab098c4cc5f632e00b0842b5f825bbd15ded796d4a59880bb724f6c5372,eth,1186,10,7,5089449,Exceptionally Complex,Rebasing logic issue,['https://twitter.com/hexagate_/status/1699003711937216905'],,Unknown Unknowns,
0xe4db1550e3aa78a05e93bfd8fbe21b6eba5cce50dc06688949ab479ebed18048,bsc,2,2,2,5394364,Exceptionally Complex,Lack of permission control,"['https://twitter.com/BeosinAlert/status/1658000784943124480?cxt=HHwWgMDU_b27s4IuAAAA', 'https://twitter.com/BeosinAlert/status/1658002030953365505?cxt=HHwWgoDQvYGEtIIuAAAA']",SWC-105(Unprotected Ether Withdrawal),Access Control,
0x2b6d0af0dc513a15e325703405739057f9de6ef3f99934b957653b8a3fade4c6,eth,325,21,11,5474235,Exceptionally Complex,Price Manipulation,['https://x.com/MetaSec_xyz/status/1730044259087315046'],,,uncategorized_oracle_manipulation
0xfeedbf51b4e2338e38171f6e19501327294ab1907ab44cfd2d7e7336c975ace7,eth,3653,56,14,5505136,Exceptionally Complex,Donate Inflation ExchangeRate & Rounding Error,['https://twitter.com/BlockSecTeam/status/1723229393529835972'],,Arithmetic Issues,
0x0788ba222970c7c68a738b0e08fb197e669e61f9b226ceec4cab9b85abe8cceb,eth,1567,143,15,5745078,Exceptionally Complex,Price Manipulation,"['https://twitter.com/peckshield/status/1690877589005778945', 'https://twitter.com/BlockSecTeam/status/1690931111776358400']",,,uncategorized_oracle_manipulation
0xf72f1d10fc6923f87279ce6c0aef46e372c6652a696f280b0465a301a92f2e26,eth,1541,17,10,5895083,Exceptionally Complex,Reflection token,['https://twitter.com/BeosinAlert/status/1655846558762692608'],,,uncategorized_token_specific
0xad818ec910def08c70ac519ab0fffa084b4178014a91cd8aa2f882d972a511c1,eth,588,46,10,6253092,Exceptionally Complex,Business Logic Flaw,['https://twitter.com/bulu4477/status/1693636187485872583'],,Unknown Unknowns,
0x44aad3b853866468161735496a5d9cc961ce5aa872924c5d78673076b1cd95aa,eth,1641,34,23,6262558,Exceptionally Complex,Price Manipulation,['https://twitter.com/ndxfi/status/1448856180697280514'],,,uncategorized_oracle_manipulation
0xd5b4d68432cbbd912130bbb5b93399031ddbb400d8f723c78050574de7533106,eth,893,6,6,6983453,Exceptionally Complex,logic flaw,['https://x.com/MetaTrustAlert/status/1728616715825848377?s=20'],SWC-123(Requirement Violation),,
0x2881e839d4d562fad5356183e4f6a9d427ba6f475614ce8ef64dbfe557a4a2cc,eth,4698,33,15,7503322,Exceptionally Complex,Donate Inflation ExchangeRate & Rounding Error,['https://twitter.com/Phalcon_xyz/status/1723223766350832071'],,Arithmetic Issues,
0x6439d63cc57fb68a32ea8ffd8f02496e8abad67292be94904c0b47a4d14ce90d,eth,1650,11,8,10180120,Exceptionally Complex,Incorrect reward calculation,['https://x.com/TenArmorAlert/status/1875582709512188394'],,Unknown Unknowns,
0x2e2d9f262dcaa4a6ccdb047092f837b0f65ae533b34332428674d3f36308ff83,eth,3,2,2,11557454,Exceptionally Complex,insufficient validation,['https://twitter.com/BlockSecTeam/status/1516972147805409281?ref_src=twsrc%5Etfw%7Ctwcamp%5Etweetembed%7Ctwterm%5E1516972147805409281%7Ctwgr%5E77568b22b1a17b736c711c28e68ff160bc8f6497%7Ctwcon%5Es1_&ref_url=https%3A%2F%2Fwatcher.guru%2Fnews%2Fhacker-steals-100-nfts-from-nbas-collection-a-day-after-release'],,,uncategorized_input_validation
0xb072f2e88058c147d8ff643694b43a42e36525b7173ce1daf76e6c06170b0e77,eth,2064,81,14,11955294,Exceptionally Complex,Inflation Attack,['https://x.com/MetaSec_xyz/status/1730811240942088263'],,Arithmetic Issues,
0x04e16a79ff928db2fa88619cdd045cdfc7979a61d836c9c9e585b3d6f6d8bc31,eth,7335,79,16,12294524,Exceptionally Complex,Bad HealthFactor Check,"['https://twitter.com/EXVULSEC/status/1746138811862577515', 'https://twitter.com/peckshield/status/1745907642118123774']",SWC-123(Requirement Violation),,
0x485e08dc2b6a4b3aeadcb89c3d18a37666dc7d9424961a2091d6b3696792f0f3,eth,970,28,11,13298675,Exceptionally Complex,precision loss,"['https://phalcon.blocksec.com/explorer/security-incidents', 'https://twitter.com/BlockSecTeam/status/1727560157888942331', 'https://blocksec.com/blog/yet-another-tragedy-of-precision-loss-an-in-depth-analysis-of-the-kyber-swap-incident-1', 'https://blog.solidityscan.com/kyberswap-hack-analysis-25e25f2e4a7b', 'https://slowmist.medium.com/a-deep-dive-into-the-kyberswap-hack-3e13f3305d3a']",,Arithmetic Issues,
0x1a7ee0a7efc70ed7429edef069a1dd001fbff378748d91f17ab1876dc6d10392,eth,6847,88,17,14652434,Exceptionally Complex,Div Precision Loss,['https://lunaray.medium.com/deep-dive-into-hopelend-hack-5962e8b55d3f'],,Arithmetic Issues,
0x26a83db7e28838dd9fee6fb7314ae58dcc6aee9a20bf224c386ff5e80f7e4cf2,eth,4112,30,13,14711871,Exceptionally Complex,Precission Loss,"['https://twitter.com/kankodu/status/1752581744803680680', 'https://twitter.com/Phalcon_xyz/status/1752278614551216494', 'https://twitter.com/peckshield/status/1752279373779194011', 'https://phalcon.blocksec.com/explorer/security-incidents']",,Arithmetic Issues,
0x7c5a909b45014e35ddb89697f6be38d08eff30e7c3d3d553033a6efc3b444fdd,eth,27,6,4,21312850,Exceptionally Complex,interger underflow,['https://twitter.com/pennysplayer/status/1766479470058406174'],SWC-101(Integer Overflow and Underflow),Arithmetic Issues,
0x37acd17a80a5f95728459bfea85cb2e1f64b4c75cf4a4c8dcb61964e26860882,eth,15400,83,14,21658306,Exceptionally Complex,Price Manipulation,"['https://medium.com/@ConicFinance/post-mortem-eth-and-crvusd-omnipool-exploits-c9c7fa213a3d', 'https://twitter.com/spreekaway/status/1682467603518726144']",,,uncategorized_oracle_manipulation
0xd9156f507c701a09d3312e1987383c7c882df50b3127e1adfd74d74052642114,eth,202,52,3,24472550,Exceptionally Complex,Business Logic Flaw,['https://twitter.com/bulu4477/status/1693636187485872583'],,Unknown Unknowns,
0x00c5a772a58b117f142b2cbc8721b80d145ef7a910043ad08439863d0e78e300,bsc,23421,12,7,43078118,Exceptionally Complex,Incorrect reward calculation ,['https://x.com/TenArmorAlert/status/1877030261067571234'],,Unknown Unknowns,
