txn_hash,chain,functioncall_count,address_count,max_depth,gas_cost,collection_status
0x59dc00cd37901d6dec8dcc1e6f4209fb6437a4cbc31d8292ff57208c1e1d1208,eth,1,2,0,21000,ok
0x24995833cdaa3b64f0bdc0cb56e2495ab5c466d4a2ac167b440dd842c85d199f,eth,1,2,0,21000,ok
0xfee98b9f6c049c8b249483787706aa2bcd8b84130439dd51d66323f320f07337,eth,1,2,0,21000,ok
0xa4a5771160583e80470695df1971e251a513fc7311fb400b9174544d1131cada,eth,1,2,0,21000,ok
0xf8cfcfadf7f7206d7910ea471cf0260ed3d972c67ccb1784aae4b0868d02f731,eth,1,2,0,21000,ok
0x549dbe8f669ce04ddfd3e80b6a8fc43b5bb88d3d5f7e05eaa63dceeef9ab8b88,eth,1,2,0,21000,ok
0xf563114ef9b7e4debdb3b7816f59d59824a2b9ce0a9840a0cbf529eb57800099,eth,1,2,0,21000,ok
0x00773e80504cdbc74b50b394fc376efc68d98a354a7393afcc7248f0fb23694d,eth,1,2,0,21000,ok
0x9120504ddb258c16d3b4fbdb035799f3b0659512c6eb32a0c3e855afab18bcdf,eth,1,2,0,21000,ok
0x68b5441b1b14a86cb7c3794fa1634252f6480a59d58b178616f3522647d0adb6,eth,1,2,0,21000,ok
0x4b5df1b9b66af727ea7eaebab4097d15a8be29513eb1f501ed4f0c740d1375ce,eth,1,2,0,21000,ok
0xe68c9c004f10d4e5cf95267f8ef087dda7d51f015559e1e557df90f75a0b67da,eth,1,2,0,21000,ok
0x2411dab12558ef7329c0a910437e10213f7562c85da317a0e9d6b5f90cbc05a6,eth,1,2,0,21000,ok
0x01d1f1f67fe3add47966c6430292ffe1dcad9412571ceda961ef3db4bcf172a5,eth,1,2,0,21000,ok
0x5ded7afcb7f89b80d7db46310e167f87c216cfbc7efea56e5ededd1219060056,eth,1,2,0,21000,ok
0xdb2dd865ea99acf69c0a1199994c05f7a259384e96c8c2110c863ec4d5652c6c,eth,1,2,0,21000,ok
0x012c867809b989cd963fce0b5a6b3a2022427a3c73f5c242134ff1611d036409,eth,1,2,0,21000,ok
0x60502edebabec795566fe0774ad466248330b947c3efd9176186e803174de45b,eth,1,2,0,21000,ok
0x1e4f05acd7264e6c0bc24fda4f3b0c93c5ed011557844abdc285e28e9ff51646,eth,1,2,0,21000,ok
0x0c70f1a666a7aa604ee5073f78e92660da2bce75ee61c248d4fdb8c8ced12175,eth,1,2,0,21000,ok
0x6b9bc2906920e27912ff8b82ccd48b1a99396ec263cff4b8844613dc020ebbd5,eth,1,2,0,21000,ok
0xddc00e4f6d1d6be956898d0fb7131941b024dc0ce9ed4227c9fbade5af6a1cfb,eth,1,2,0,21000,ok
0xf5547f5d2d449b73fed9d45b21c51e965d08c5eb8b338e7281f45a34298cb40c,eth,1,2,0,21000,ok
0x34e1c7a0354920f6844744dc49acc43571751a1521378381e87ee22b9a9c8038,eth,1,2,0,21000,ok
0x8191a9fa34af3cbac5bac1647b22205b52eaacd5b385d7386cc847544127b254,eth,1,2,0,21000,ok
0x9e658c2e2be7b2eb28fda9a0ee5de5f25373fcd9a1070464cb77bce06aa1f2fb,eth,1,2,0,21000,ok
0x25f57f578962cb30eaf1b6478e1cd2e203ea524eac99123eaa76e1d88519986a,eth,1,2,0,21000,ok
0x9cb931516ac48046aa4630a2e054ef02855ffa1b042c8b37d68777eddf5b09cb,eth,1,2,0,21000,ok
0x35fb46fdc89856d01918061a33bde8d0392d1a2267ffa4b13fc922b624b4cbac,eth,1,2,0,21000,ok
0x4e69c3a9cdc0d0d2a4b55b09cbc6ed5d96f4446bd6df288bfb31af46ae22f6e1,eth,1,2,0,21000,ok
0xd6e5d441a4840ad00ad3eddb66a612901dcad635948aee90c0d20df77e9a05b7,eth,1,2,0,21000,ok
0x510d4e23a1256048aaa58cdfcba23aaee8c4c08958ae1d678d7d871516169e12,eth,1,2,0,21000,ok
0xc74171289861e9d5da53555413083eb0a591a252249da4d2de04f1b85bc2ef00,eth,1,2,0,21000,ok
0x04f2961b74831451d138130ba060c382e8979548188ecdac474e808a62738bc3,eth,1,2,0,21000,ok
0x099474769f6ab5d01015ff1a796b7528d4c3503161392ceff1fd7390efa50653,eth,1,2,0,21000,ok
0x19d0f16a1f590d3a8f38e6342010df747cb74b93834226d3c242b5e26df26359,eth,1,2,0,21000,ok
0x5d708d077f9a3bd956c404a5996cbfd72d0f5facc6a611465733ed1c0267ff7d,eth,1,2,0,21000,ok
0x9144bb7cf93d24f05feb110207e749d1f0c049f3bc957d6531437e5fb84fa513,eth,1,2,0,21000,ok
0xe701c71788900aef2ffc62b8c36c1f5ee26772d3779f892f4a9924a507c1a2a0,eth,1,2,0,21000,ok
0xa3d66629903c5de019d37fe7d807735d16a26cdfdbd0a67a32502c77859fe848,eth,1,2,0,21000,ok
0xe1ad0051b055fd822fc51429ce142672a7b8920814a601007ce9f2dd8229c96e,eth,1,2,0,21000,ok
0xb45609853a9d9080eb0579355af06c53de47792a2820f5a944d0ca25e11cc0fc,eth,1,2,0,21000,ok
0xe95f91257e130fcac9518012f89d407314eab49e9951800d1d76d8eca518b471,eth,1,2,0,21000,ok
0x2798d4a1907ce37a6fc661ba7ad85c0858b8dd420a83f24ec784386a50bafecd,eth,1,2,0,21000,ok
0x2a2ee72ebcdbd47d195c60c7a27d93170317fe27c28a4af756dad2711c958c78,eth,1,2,0,21000,ok
0xb9c556f988ad87ad32a3d016685ec770888e4ba19acf460fc343d200be039374,eth,1,2,0,21000,ok
0xe6f19eea9458b860578ad28974d223197e2041826cc6a1474e149a75ac36a982,eth,1,2,0,21000,ok
0x08a1b1c7d98b9d01aae1de9629eb71bbeda856c5ef887da2d75b6a50cbaf56f5,eth,1,2,0,21000,ok
0x87e7b36673e454d5eb8eabe37dcb8734782491c22782863b393739b4c06b4d0e,eth,1,2,0,21000,ok
0xe1b54e5ba1b310cecdd6cd2508cbc5656b9f3d7fe63da4c54f6257a8d5c7565b,eth,1,2,0,21000,ok
0xe4be6c0c05c94bcc5695c3f037eb2b0865a299ee34085aac84e3f6e03fdb5584,eth,1,2,0,21000,ok
0x8c336e72ee91a987c142eb86583dba8e3afe41286473b56477dcdf6364cc174d,eth,1,2,0,21000,ok
0xdedae002926abbc1b15b45527552131d8c87f9a7d4ca9446abe76a3784fa8956,eth,1,2,0,21000,ok
0x9558fd1199b64a9e355d07b5875978fe32b60b4807ebb83513e052e0b480eb0c,eth,1,2,0,21000,ok
0x5f1ca2ea68552fa577be0cc8c79208503e61d748fe36cce84868ac5bb872c6e9,eth,1,2,0,21000,ok
0x402ef342ca4c1848586549ded5f6d70fb9d552dddf0ddceca16c7b79ff037812,eth,1,2,0,21000,ok
0xd92cd1c34f54e2c0f686b56864db86eaa4b8c5643de7be523ceb3d9aa2dc24ce,eth,1,2,0,21000,ok
0xb364171abb9994ac007fef663c8ea7ea9b55939d8670f971518e70e2d2662cac,eth,1,2,0,21000,ok
0xf594c4a3218ce854c01d3a9ddbc7e5759e12cdbb6662c72eedb4261742b7db75,eth,1,2,0,21000,ok
0x9c7bbbe71dfc8e79b166b1bf8569410e7a085d067124ee5ef2e8ddd981f4c697,eth,1,2,0,21000,ok
0xd7822edea03667634209745526ed3eca4e32cf6bb79d335220883fb32a0b4577,eth,1,2,0,21000,ok
0x27b4efeb15320086581d35d126f9e6d5b660b44f0093646bcd112f3aec609964,eth,1,2,0,21000,ok
0x5b66616c1ad4889e806be743f30e859335cab46c3f248b8aeb1e765418e15ceb,eth,1,2,0,21000,ok
0x69009e6340144fc79c5396a0acc36fb5965bd1ff608bd20a2beb67af1dfa493c,eth,1,2,0,21000,ok
0x1649f302061ff0d9a7ad04677862e20c4180d0c7dd124fdae75e0cbe6ca1a29e,eth,1,2,0,21000,ok
0x482234cf26d9af15a68e37e87a7caaa6bfe8c3a9a8e92e68bc0968666fd4118b,eth,1,2,0,21000,ok
0xeeeb018f510d108120a8e3cf5e5677c1c2e7b01cf96a0d8721a0c140446aac3d,eth,1,2,0,21000,ok
0x5039001a21dc001c5af067fdca860a339e0f17deda74202bf19686983ba28116,eth,1,2,0,21000,ok
0xb80f550f7ca47d0b4daec190687802f284e2808c81ee3d63006d36af63fbef16,eth,1,2,0,21000,ok
0x58bbb7e38aabe80122388f5cfb33e9d20bcb993b5b1e671a465083d6578c2e04,eth,1,2,0,21000,ok
0x9d4386da29bf7dcecbbab0f1b14a7749226b4ddb87b82a70be9822a1f85da077,eth,1,2,0,21000,ok
0xaf26f59e5ded3084f317366a6c5132eeb8b4637e6b7b2ebe958137d613dd3198,eth,1,2,0,21000,ok
0x5d7dbf5c1ceeaf541dc1e23dd4fc395146115b91c8f1638eda0124013ca8b93f,eth,1,2,0,21000,ok
0x417e4adfc60e11ee7007473ce8c672f3a164b1a450fe157679a8166cfe0ca6c7,eth,1,2,0,21000,ok
0xc584f01d0b81b1bdb66f54f1d829c69c5920c7982e38f418e65fdae4bb1654c4,eth,1,2,0,21000,ok
0x3fc2369d03c497178a133cf06b95c3e9865ba347e6f3863ed5219a154842a2c0,eth,1,2,0,21000,ok
0x572fcb6f4b21dc124075388878d4201d1f40c43520d6fad1a0a1b8996e6a4969,eth,1,2,0,21000,ok
0x2be08085d96b5e644d1c38db9110d52887374b8c18b17934e8e0aa87a73d06e0,eth,1,2,0,21000,ok
0x0bc0efa8d43da3b2a9ca29df726768ebe52aea73e11b69e78c3cd3fb0089465e,eth,1,2,0,21000,ok
0x35b947aa557914d52c7f676470e9c55409664019339d4d032780a005833f05bd,eth,1,2,0,21000,ok
0x70689d1cc4a713bc1bb66e4414572fcb490691d69ada59f517152e7dd6f4b774,eth,1,2,0,21000,ok
0xd625945b3892264475a269838cd1002957f220964e6809e378667cc602ddbd7e,eth,1,2,0,21000,ok
0xd386f1fc551debc8ebd0aec8071e0e2960f8ec10c5a0c8c64ba57b0e17fd4783,eth,1,2,0,21000,ok
0xf649e900fb86f9cb4be1e476a6f9c360f47e566568e4d0f8814024d488205da5,eth,1,2,0,21000,ok
0x9792a61f358b51bdedb1ebb56afe941706acde4f219cdd5c4b2a5d2a4a40a481,eth,1,2,0,21000,ok
0x87cf90bf373c86c9a55484663900b19a40b0cf8ba5817d9ed06c7f591dc589ec,eth,1,2,0,21000,ok
0xe0010f2f1d6bf3ca1f670770adef9ae986985a6c5bc385d574dd0155c2412662,eth,1,2,0,21000,ok
0x3c04613bbdeb11010f5239adc013b686cd369cce0dc682987ca6aa041c69207c,eth,1,2,0,21000,ok
0xd29a974a1d1e87dca5ab5d0e8085ee6e3fa597b77f590288220a28ced7e0f88d,eth,1,2,0,21000,ok
0x1dc28690c05c2e271764a3bafc3516e1372596f69fb044a8157888acf0e13930,eth,1,2,0,21000,ok
0x3eb2c816bf72d911d1dbd626637065e65fe4ceb1d5b5688a7c2ed571720670b3,eth,1,2,0,21000,ok
0xa91b1c42303adf506a1fc3a3c6786649ee79ccbd1a36bd3d142258ae1d529044,eth,1,2,0,21000,ok
0x7dcb868cc04529746517a315fe7da5d49754715b5ed05ed4c72bbe0d3af87f2a,eth,1,2,0,21000,ok
0x547314a09fa24a1e21b32a3387a0c02019f90468d355ca1d690573a91c3a8f2e,eth,1,2,0,21000,ok
0xc2c5496b07ced113a5e7b869e57916f06384fea047f880e9836539761657bb4d,eth,1,2,0,21000,ok
0x316b3e17ae8987c8d78e532baa061766bcebf1992b756b22947170314453c450,eth,1,2,0,21000,ok
0x7e953d8a90bb9463e0308ccd408b2d53fad13d38b2aa9a84642603c990369204,eth,1,2,0,21000,ok
0xc669015748613c822412cf3de8c06c0208ee160aaa25eacb8b66860f2263bce8,eth,1,2,0,21000,ok
0xe30cfc0ff31618f74cd8d8eed1697df291f6679de17d2ed4b4049f4bf4944051,eth,1,2,0,21000,ok
0xc1e41f82c3589ebb719c21eb48159e23a116512ee54db8b35f97fa8f6b27533a,eth,1,2,0,21000,ok
0x497dcb9f7de7deaf6fb0219cd4d02798ebcbf8efd7b77dfae8554e7842515258,eth,1,2,0,21000,ok
0xf2b0a3bb56991cf2ee4d923331647444d1e7c7107822a31c7edd2ee895313c42,eth,1,2,0,21000,ok
0xacc1aff28cca58aeac69df49a8567375e4014d969b3e665ab7ca48daba432298,eth,1,2,0,21000,ok
0x5e9d702513da8ba4949b6b561a8804a672c94348cf1a5cbfc44b0d0cce8fc372,eth,1,2,0,21000,ok
0xf6f021c3470be3ee81b4961c54e644de109b2c7af7e07b6520a0ce19cbcc4ed4,eth,1,2,0,21000,ok
0x7466eb110d8ee23c4fb10a595ff85eb001e162d4b42e18de34417a968bd7eaf9,eth,1,2,0,21000,ok
0x7ebb3c5a6d61e933b43c375a7ef6277693da2d98d9ad41c965c9ba999999c18f,eth,1,2,0,21000,ok
0xf432edb38a519ffdcc089855b892c2c6a03e824ff627f900f9ebc459fdaf1572,eth,1,2,0,21000,ok
0xd925e83ff7ee76fcee83e42fdf1f270abe57ed8a8eb42547e36b8d4f28d58779,eth,1,2,0,21000,ok
0xb8a4653573cabb25d14dd55a087213fba685ff38377ea133367c1840751f000f,eth,1,2,0,21000,ok
0xb9eea51a0ddda63e10cd771702db1cbcbc72527294f49b07e31ae79337be6a55,eth,1,2,0,21000,ok
0x92cdb22bc233c6e7a3aafca07478358c48f57971b091cd3923236d129c9f3a94,eth,1,2,0,21000,ok
0x8afc0d078d60968d6ac4b351bd14a55ee655e3fcddba4a8cc41eca137fb2bc81,eth,1,2,0,21000,ok
0xfa6388d15d3810d88920fc15db1f75465021e3ae01ed8e7c8ada48565e1d0267,eth,1,2,0,21000,ok
0xdcdd6ff3c80d148e661610e1ed418ca8ad2af2a1fd74373e80513ab67d860074,eth,1,2,0,21000,ok
0x117a5c37925e96d655911eb389f262e65aea470febc40fb480b19a044def9bf2,eth,1,2,0,21000,ok
0x6a5428f61853a939bbc6711bcca9d6f2c5f5c9f8c13bdd73a563a9c127242d25,eth,1,2,0,21000,ok
0x5aa3ca7a7a5268f218c70e80217081d7dacf37ac8fbe8ebbda8164fc2cf9fa87,eth,1,2,0,21000,ok
0xed72a095dd4cf7d34ac45bcc21760d4b002aa3b0c0bdd3ab02fad472aae14a59,eth,1,2,0,21000,ok
0x88c8b2786ad4908a35c676f1993f76cbe7e88ed52d79d76d11be79d20c81e063,eth,1,2,0,21000,ok
0x04265dabfdf5e1700dc0c5377ff2cd8ec4e3d9e250c942fd107a19684bd998f3,eth,1,2,0,21000,ok
0xfa4b5c1eb94bc1a90748ddccfc7bff34fee1b306578a5b162b2ed74ff8614ae2,eth,1,2,0,21000,ok
0x7d77cba5af6c2c4156e978e77c773a5cee9a8786d0867ebd111e24941ebd4407,eth,1,2,0,21000,ok
0x7b048abf9c8fc5fb3f6330f36f50370e9c0893b9eb74d8139658adcdf9c638ae,eth,1,2,0,21000,ok
0x902275f14ad349a95d1f0b9a22e7162be43804ed5fc82e8632cc7d5a00076151,eth,1,2,0,21000,ok
0xa9620198602a4c1ec79f9c1cf8d5e8a643c11515c5535b9d16b43f918421fc0e,eth,1,2,0,21000,ok
0x985bb4df5ceba82ac9de60cca940c9f3cc68802ce916e47bd67ac4a9a5be7fbe,eth,1,2,0,21000,ok
0x59eb525be6b3ceddac2b1fe181901b5582a1fef33bd09e9320bee5e2ab25a071,eth,1,2,0,21000,ok
0x53ac841913367a375dec1d8a4719b10f8044b74556f412278a19104bed8c948e,eth,1,2,0,21000,ok
0x5389be7429bfe58c1866f7af50f4bc966f157631d5d4f54e50e2a987c00cd378,eth,1,2,0,21000,ok
0x3def237de66b2e4fe9994dd1b443fa8d9bbe1186b153c470364b63e582957130,eth,1,2,0,21000,ok
0xb851d0e9157cc9bf15a8ae9e4d8252dff50780d3aa4e7ffb3eb94688017921c4,eth,1,2,0,21000,ok
0xafad126c6256cff83bf840fd083bde6baeec8ad916295042d53c9969e82e112d,eth,1,2,0,21000,ok
0x5e81c8618694ff92da176195d36ef61ca2beed640e3b0552496facbcd4654953,eth,1,2,0,21000,ok
0xc3dc85a5223435faffcb654cfb230d8feb1064d0e829475d6a501ad8c54cfe2b,eth,1,2,0,21000,ok
0xe15caa632923d708ac5e0a320fc687128cda63dcf23577175a5d8cf23cfcbf84,eth,1,2,0,21000,ok
0x5606b163bac517b7c1f88e01b5c666e214415eb8e9c409bf36373562b1a0571f,eth,1,2,0,21000,ok
0xff6b01b842a490d1e4616ae30b649624af2a178eeab994a58b10a61d2e32dadc,eth,1,2,0,21000,ok
0xe96c408b8252b57acd48d666e88ed619e253d2508301eb9968c5231abceffb30,eth,1,2,0,21000,ok
0x45f57f4b7c9863dbb85f06369b5041e59b0d3badcb3037f5a59ffc15f653aea2,eth,1,2,0,21000,ok
0x3ae5d08346b745bd78e119845c3894824deb3e423677d435418dd4d26ac4ea68,eth,1,2,0,21000,ok
0x527f4909afc88bbc87b1da16ed729ecc9b9eb92afc02c96dda5c584a292daab8,eth,1,2,0,21000,ok
0x644eda28b7a85a326f27d6c537b03d139c29330114d39cf9d0eaf0f3a103b7bf,eth,1,2,0,21000,ok
0x79210c228ac2bbb2e9eb8945bbe7901934311dcd70c67eb0c58936bfd7f8a372,eth,1,2,0,21000,ok
0x7e45e6f3b6ca914efcda56e34ba6960ec9aba58717a7308a9e3641133c64c44b,eth,1,2,0,21000,ok
0xd2bd05cd20d286b57508b259ce8590dcbc8d76cbdd1c54df5c466c28dbc17743,eth,1,2,0,21000,ok
0x64971c954808ea87aaf472debc08331ff13270376d29ecec734cf02496b94b8e,eth,1,2,0,21000,ok
0xdf48af43998269a065d599c9cde191ad858784df030734c3d4c9d11cdaceca9c,eth,1,2,0,21000,ok
0x1c45526fe75da5174c5c5bfc2f73c020f9e6bbac5c339474e6addaeef67c3d6c,eth,1,2,0,21000,ok
0xb11804942b55470e30c9f67ea1286db6b295c3a2db3abadecbbf0740ee107083,eth,1,2,0,21000,ok
0x60e3e77294ab04fd9b444a3a0bf053157b17c64387015b602c9905cd81782b43,eth,1,2,0,21000,ok
0x443737233b1ee042ae50b500163ae2cbd6250832914bec1717643e80106e95c2,eth,1,2,0,21000,ok
0xd6513ca02790bb20b70aa0be3e4ee7a3590e5a01bc4e1e84f46f8b37a5d08c28,eth,1,2,0,21000,ok
0x7bcc4fe062d1745d1c9bb04ca2dfe456646909594272ce066cc04c66166b113e,eth,1,2,0,21000,ok
0x3e81b9e5424b96aa9b7014f3491e04ed359703e6c5736dd048b177ecf1923410,eth,1,2,0,21000,ok
0x99f04f7341a8430944c35eb72398e9cb5384bf20c3c4fee7e3bf7c9ba0c8297f,eth,1,2,0,21000,ok
0x1dd84fa854034093f2f0a5da62ad66334303a29abf78f03e061961f9a395a917,eth,1,2,0,21000,ok
0xf4a0ce13e2ea4c655523ab7d6d49b3205f0b1fda6bac2c175eb26a726b62933a,eth,1,2,0,21000,ok
0x09cacb770af1f3dfb42cab85aac7d76a348307493308d271d441db5d018dea5b,eth,1,2,0,21000,ok
0x000133944a9d3ebb3525c8abb049cc985bc87424df350582a9d03528581fafc3,eth,1,2,0,21000,ok
0x1fac98cdc711471b49c1b6a21f8777f21dadf949256851d90d8281a86823db6b,eth,1,2,0,21000,ok
0x88c3314b8bf83dfc7ea4a123a5c8e4ae8fb13090ed9f876d2bb68d070d4d08b3,eth,1,2,0,21000,ok
0xf8604d726649507532764db04e25058fc89e275743ecba53b07058cb668a6f9e,eth,1,2,0,21000,ok
0xc6f1cfa224170aa9ddac0a32a271845513edb0e111f4f6af09057f939930a02c,eth,1,2,0,21000,ok
0xc1a3680e0e3501b936d2f657e1745973642ca1768c30c43f4ebccaa9ebf28c07,eth,1,2,0,21000,ok
0x4659be86439cc0ae078bf11955938ed0d0614f425a8ef139efe827226804e36a,eth,1,2,0,21000,ok
0x5a6f392a17dd517d4e96feb0359782a31a617789e2f95392173f47e1dcd396ab,eth,1,2,0,21000,ok
0x0a72b8545fe7995a17003d1181109aa8fcf0b3bdd368362faf5884633528d917,eth,1,2,0,21000,ok
0xa249822ed74762e300cb4fb07ea2b0f21d73ff49acdc222d42e78781a39da310,eth,1,2,0,21000,ok
0x98841c6ead786272656f0d9e5ae7221854e3445039a8733a2dac08d3298fe5b7,eth,1,2,0,21000,ok
0x59c70e95f00ba421aac69f9fd63044e725b2bba53cf613ca9073f27a8fd0bdbc,eth,1,2,0,21000,ok
0x4c3bdf3e75d02581eb5de839c6c348b7831882e70d81deeb97aba79090888e35,eth,1,2,0,21000,ok
0x2955528a6d31236040d035c023ddc57dbe4a8c397616d4550de0a81d3a3908af,eth,1,2,0,21000,ok
0x53c580222add51ad0658011e5ef9e4fdc6d08bcb9309a2e710989f4eb9ac6240,eth,1,2,0,21000,ok
0xe5f07a480fa3e37b0838a98894a7b7fa6689453b8e7885c1e0ebcef368eebabe,eth,1,2,0,21000,ok
0x85129a570b26250ab9959c24917db4a1a2c167966e387c8da18dda644bf7cef5,eth,1,2,0,21000,ok
0xfc364a7e0feeb1987d951727e3db4644a10bb68ca71d2789573ee7c3b58658f7,eth,1,2,0,21000,ok
0xd6ae8e7043ac085d5753b717bd140b6229a3a7a45562ea85aaa4291b743522db,eth,1,2,0,21000,ok
0x5aeeefb5b13355b459926d4fee7fa0ea709a1f6a40c989bb1118a22e2820ef4b,eth,1,2,0,21000,ok
0xa868f8d803a71a01fbdca4573bc25e7071a922e6af9e2c5ac6aa987e75b54ca8,eth,1,2,0,21000,ok
0xf4f2a24688a8b4bc574b75dac381e8154bfbc4cb356ae59beebde5ef9ca5f86b,eth,1,2,0,21000,ok
0x27b662a0eab74dbba4f054ab1619e887923ebd170b228fd3f01dddc575ee12ad,eth,1,2,0,21000,ok
0xf73495987a1104a1d325047350d015b1e64e0e3425ec869ac6d2e136d418aee7,eth,1,2,0,21000,ok
0x94256f907fbcbc01b17e91ebc4ea776c6f441b46640106643fcd1669be7b1903,eth,1,2,0,21000,ok
0xbb573fff8d68d52041988e8830617621c38d7fd83c06098cfcb8cef28eee2997,eth,1,2,0,21000,ok
0xf1a8e0b68ed93f60406eef16c83d25b3452f3718dfe11e9710a1ab7a9157480a,eth,1,2,0,21000,ok
0x04840f43f4c390305c1811ae24e5b2d35363ba55da7ab203bfea741560cd11c0,eth,1,2,0,21000,ok
0x6c92de7351551cae610aae8343d8304c0b18210a34da69f8e3862172469e93a1,eth,1,2,0,21000,ok
0x2321aa75e23ddba1b118385b88c0db2bfde9f062ec7ea9792e6f99661835f976,eth,1,2,0,21000,ok
0x76c36e21a7b82c6ba7080bb40670264d5efdf818be185127634dcd5dddf3d420,eth,1,2,0,21000,ok
0xcd9a58c848477748f012e4927b6d7d795dc738fabf5ce7ef1953adf9d68c8336,eth,1,2,0,21000,ok
0x51a985003a5aad391d20dbd20276c157a9329d925b7803112fe06fc2b957c359,eth,1,2,0,21000,ok
0x8686a403b667495fc4271419a44637ad748af8f4cfb418bc9da0ccc11cca84a4,eth,1,2,0,21000,ok
0x4c6549c63af47b443ba21d890130baf1dcce25d8f1f6b9f15cc768dacb9de55c,eth,1,2,0,21000,ok
0x91f494a387a8357ed0ca237efe1e84c38a16b8093aeec4c3e01b6df12f0e18c0,eth,1,2,0,21000,ok
0x63cc4fdf126508d0bc38f3d58807f32a0d1604411483286a1c930132b8f5cee1,eth,1,2,0,21000,ok
0x83546589ebf835b9b39c08c20281c2a068f9c9d375725d2e0df9527c3f79cbd0,eth,1,2,0,21000,ok
0x9ce2dfa81f7c3ad786d9a7e0ff306f42316ec82ffefc6a6a279214eb94576a6e,eth,1,2,0,21000,ok
0x525233a28567685d703ba88d02344ef7a33f2fd84b05f6a31ab5eb5c2e55336c,eth,1,2,0,21000,ok
0xafa3c2c8f00ccbce4fb29552ad63eb438a2a5333bd5ecc5108e5b84947b6f932,eth,1,2,0,21000,ok
0x3dc64910d205774009a6190e75199c233d283bf001847d56d1e90a6506bb15e7,eth,1,2,0,21000,ok
0xf904e8a1e3d83c65d869983f1302a9d1c447fcd701b6ab2a0464c4ab67f55e0a,eth,1,2,0,21000,ok
0xc061aff5a3c8be7112cfb1653e4d783ef2c289e4578090117323771f7a61d7f0,eth,1,2,0,21000,ok
0xbcaf86ba48fabca95270dab6823e4311ebd31a508501dae74c0a291e926369b5,eth,1,2,0,21000,ok
0xf32ab44a5c347eba5737dc5c259a0fad68b2a3aef62aff05086b9af23044408c,eth,1,2,0,21000,ok
0x2ed982bba45d473caa453caf294e697cc4e2adb840823519f2fb9bf02b3bcc97,eth,1,2,0,21000,ok
0x0e88bc871fb0d63bdba189c9736557c388b542d89982d71d4459f8fbb96c3c7b,eth,1,2,0,21000,ok
0xad80c2bc33af8b54d21ee75908558b933960820892d8640c01c6e1822bfe8dbc,eth,1,2,0,21000,ok
0xf4e7ad52ac7a0f96f931ad9fe0a1bd21fcca0afeebeeecaa107e527285e97f3b,eth,1,2,0,21000,ok
0xca08fcb6ae72fa13773577ba9ed82edff06aea7d2f9f89027cc3063353242786,eth,1,2,0,21000,ok
0x7c64d68337d7be492bca76f8622c34f8f4635f0739dd28100fd808edabcbad5a,eth,1,2,0,21000,ok
0xa2c0c73a9182a5f91202387869af1f5b2992af878a1623d239da08bf28aaa2af,eth,1,2,0,21000,ok
0x60d5e31a614ee9fc155f79366ae99de29c41fb1d7c903f7a86d80d2b4786a708,eth,1,2,0,21000,ok
0xc456cdd38046bb6df3788ddceb2b1b6a5f3ba357bd9370b8a6c6c63d261c6b37,eth,1,2,0,21000,ok
0xf558a35d57aa30b11db436e9e33bb3875f4ab56fddc363238ac2cba04a847af2,eth,1,2,0,21000,ok
0x88bbd75d12a29cffe653694d9dc3f3212418c8b2783417eba41066f6a4000b5a,eth,1,2,0,21000,ok
0x29852f88d649ff15ac828f5d8ed670cbee2d5a69543c253bd406f68720ac3f16,eth,1,2,0,21000,ok
0x7d7635169148907b2da60eb5b668ccffcd66005d5823638c26c62f9d3053869c,eth,1,2,0,21000,ok
0xa809540c65292fdad58dfc31ef5c7aa6f5d272156ddbc526cc7144090fb185e2,eth,1,2,0,21000,ok
0xc551f0ccae2818f07af7dd2f1e2703f18e55c30ad085294f2c16e6b15073ef7c,eth,1,2,0,21000,ok
0x90d17a861a61ad8f4ff2b57a6d4afc97364560ec8405c6bcc96a2181adfef1a9,eth,1,2,0,21000,ok
0x6d56e135e39517db08489b181ddc92eeedb53cefbc6496369a69bfa59f24ae7c,eth,1,2,0,21000,ok
0xa77f16a670c72541c07858d783b025200e71d696d8402467df7273071d7e6767,eth,1,2,0,21000,ok
0xf059dd3ee4d9c64d13fe81e6f56266dc48752e8ac5c83564d4f5336025d246e0,eth,1,2,0,21000,ok
0x665287a467d05adb702859b9db380a81252c3386a02736613e0457b0807f6424,eth,1,2,0,21000,ok
0x4d8ff0ebc924d5fe0d93c3c13dc843a360e3718223f3eea4475a0449a1f8c03b,eth,1,2,0,21000,ok
0x2b36bbd031a21910397701c9ca3dbcc1c6fa93bfc4ec726193c25c5a4b6954d3,eth,1,2,0,21000,ok
0x40040d469f20b65d95b1c2930954374d0b5c31c35f71df788dfded5eb8ed39ef,eth,1,2,0,21000,ok
0x8ff68987fcb0fb17232ea3314e22c9acba268ccc34d5e62210e50a7bc49a6348,eth,1,2,0,21000,ok
0x760ef2b6bf8332b299b61c09f99736cc7e2e8756c0786c97bc9834a6e301b924,eth,1,2,0,21000,ok
0x8a6ea39e4cc00d12baef921c52cd8c60f40f22f767b8a0d0b68c88560b1414d5,eth,1,2,0,21000,ok
0xc6c400456b5ba0c9a6c7084c89b797d4ff9dfb14df2c85685dc95d48e7cb4992,eth,1,2,0,21000,ok
0x4d59a55ee95138d85d7270e5c58a9f60c26bfca9e77729722c88f33c6f036a54,eth,1,2,0,21000,ok
0xe5000bde7afaaca326b433f15f16a2ca2249da3d64e3359fe95f0b070c71570b,eth,1,2,0,21000,ok
0x8a2d5ac26ac49b23644803c791eec9156e04b9b865465c97428b3eabf5477f98,eth,1,2,0,21000,ok
0x4a1e9554698e9901f7c504fe8a216081078a9ddafe0a3618ccec7dff8ed2bccc,eth,1,2,0,21000,ok
0x41cf95a655bf2ed72d719f5c44607cf18cf773d80494a043d587cae927a9ccc7,eth,1,2,0,21000,ok
0x1e5055dc9d8bf88abc510f242a036d9ba65a421a0b380c5a392889f85a1b98dc,eth,1,2,0,21000,ok
0x2fa7844f2e8e874e5a418046910c7fd14b15dcfadaab62d23ffbc0acdf4973a9,eth,1,2,0,21000,ok
0x8851e67bf0100986c954772daad9b35c430a2f8ff316b8f950daf8c524821a74,eth,1,2,0,21000,ok
0x39b941c217f29006ad161f06ffc846ede918fe047b30b68ea563a413054d2dba,eth,1,2,0,21000,ok
0xb8c88ba90d3ed937a2f2f4127a71af17ef53145320026a6289e0e7792557cbb5,eth,1,2,0,21000,ok
0xc6c59fa169ebd0fbc05e345fc89979433a841eea9426909734c6fe596c7c721e,eth,1,2,0,21000,ok
0x7bcbc906b733bde64ba28c15b9ec22ecd6fbd39770cceb82e2fb929e76280b17,eth,1,2,0,21000,ok
0xf69554f8b5e0f1a18760dea9f956689d0e0bf33ed516e1e0b3dbed275e796937,eth,1,2,0,21000,ok
0xfc91b2d32bc6392ad8f0c1feff9fb03cc97da9378911ff682114311cb1626801,eth,1,2,0,21000,ok
0x36a7043702b6fb20ca45882608c3a949a8fd064d63ec4aa0e2d45c85c62d7b77,eth,1,2,0,21000,ok
0x39aeeea85cb4cfdea1a4ccbc68c0048cc7602881ecd36a8b24b10fe02d006e93,eth,1,2,0,21000,ok
0x3f0b794c24d4fea7a0b183ce22004750e0f4589a9a2bbbc4a550fa9a4da82610,eth,1,2,0,21000,ok
0x5f077227ec1cbc84a0673502841858504653d7186322458ebbf94dd36fe8a9e9,eth,1,2,0,21000,ok
0xef08d50b3293dcc03f6e108ce227ecd26c57c305507665217570c4b847eeb5a1,eth,1,2,0,21000,ok
0x0163a17267bd0d922a333479cdef4a61711df6032f580e78abaecee2a215fa17,eth,1,2,0,21000,ok
0x040ed9916ac1b888017d63fc11d0eaae204a9d6b08df308859b0f55229718097,eth,1,2,0,21000,ok
0x777a7149e19fb07ba4e0c98e4f793662d1ca4c99d07dc3f9962ec0670947da0d,eth,1,2,0,21000,ok
0xddde1694654b92e8b527d3e404a763c84eda22460057edd7a9179a5477fc58c8,eth,1,2,0,21000,ok
0xabd4398989eb14f5250094a3052f39dc19c93193f8f7a969004ff3fc56c414d7,eth,1,2,0,21000,ok
0x9819718f2e55f56c33d64d44a86c1a30ab67b18b4d9a5440291282502903ca77,eth,1,2,0,21000,ok
0xe7dba7cd04216ca775ed23c0fb3332f421959a0a2a4e6fab011ed2c5338fc57a,eth,1,2,0,21000,ok
0x9c24c833667c05166ce5297d876bd67b2409a4318046b46f5ac2a4d16f980011,eth,1,2,0,21000,ok
0x543e9fa58bd56e0674514ddee7f87b6b4330374f50efd6b8d9684b39dd9c8e1c,eth,1,2,0,21000,ok
0x5f4b91f6824d108f6e5832714b7d7dc99513fbd9edfe3e456290ccfc30cdd2b1,eth,1,2,0,21000,ok
0x1793f5372dcb77bc24f05993d95e471c497d77098136d2f3a182c008454e8894,eth,1,2,0,21000,ok
0x8015d12a38962a991c8fccd14a0120f7054a792e68689e486b7eb2a2cb3bc22a,eth,1,2,0,21000,ok
0x05405590e112da496a56d457a792efcc595b5b30545fd7abaaf6efe49aa7cb9e,eth,1,2,0,21000,ok
0x5356ed60994d8ecd18b6f98a4e0672fd1a48b0ab24f7847baf816b3089c407c9,eth,1,2,0,21000,ok
0xd20146cc6da22da493f449bdadc10dad5fa8d46f6fcc433e878bcd0308fbbb16,eth,1,2,0,21000,ok
0xc9698a06b951da62a8c780b6ea6ace1e771d0e9b1d96f1aafef5887234dffd68,eth,1,2,0,21000,ok
0x64cc983ec7483ba44f56543fca7ed51d51e5b2ea95d91575b5eca3b3a73a66a7,eth,1,2,0,21000,ok
0x4dadf1b785f0ef104245001bca108089e2f0701aa25f347d6b2a85674c0f2eff,eth,1,2,0,21000,ok
0x11d7b391fb1035eff941cc192e2e631f7f3e2f09bf9444cbbd91f11ec12d9a89,eth,1,2,0,21000,ok
0x226d3fbbbef3b376be8c6910388bae12ee6981262cabaa8599821d68bef5cf54,eth,1,2,0,21000,ok
0x20784e8c175c3c1489d5702ae65124426cf5f281bfe5d81954bb71b826d60afd,eth,1,2,0,21000,ok
0xa60c34dc2e142433f2ef93dde19b6dbaa12561b4f04250f4661f2b7bdf9a1a64,eth,1,2,0,21000,ok
0x733855b8525f5a2e121c8e8a3b4f12086e69dc096676c371eadf8f7b386fd011,eth,1,2,0,21000,ok
0xcf938c69145f094a7af64e8389dc50550b6a19f549559b1714d0bd2a2d201258,eth,1,2,0,21000,ok
0x9cc7259a3dace42427d7efb53b397449ab4cf22d7c5cf434c4551a52fff77ff7,eth,1,2,0,21000,ok
0xe9a5480ae11dc7c6aeaa1b0e3530b21d7c4fa30929c61667ab2a851b1bf85509,eth,1,2,0,21000,ok
0x88baa79a4968638b341ea1a502513a28a3e85147f841f202f4804a5f3eb722a6,eth,1,2,0,21000,ok
0x4ad6a711cc6a535c0cd3f4ffcba26023f4d6b66734a96018988bd2ab190866d1,eth,1,2,0,21000,ok
0xe8c2d0f01b62d1fe9309a4765cb8f44d702ccb6fd4db9de1736ac078004ffa9a,eth,1,2,0,21000,ok
0xb758961df540c89e0be3effe39de543f8a775d111e50f0a58e5f9376fcb3d2a7,eth,1,2,0,21000,ok
0xdd6eda38f14d349fc437c814189935d9720fc086ecae49e438cc8fcf975433fc,eth,1,2,0,21000,ok
0xe7cccd35087e7260373c836c94b073ea113c940fb8fdeeeb607842edfc4ca4eb,eth,1,2,0,21000,ok
0xdaddbf8a84bed7bd59321aca61ba978546c9c1ea488f48d1400addbcf46c2fc2,eth,1,2,0,21000,ok
0xfe8a1f2cbb2e3a112e19fd6f380743a8899f4c2c1a1fd8c6a983f6748f9e4055,eth,1,2,0,21000,ok
0x2854ef5c0116d086b8610f0b77b8b3e3ea20706328f15e3a788783aca95fbad8,eth,1,2,0,21000,ok
0x5225b12b0b8f36d471c97da3adaa1f89aab91c043cd697ca21331fb9a149e65e,eth,1,2,0,21000,ok
0xea44163ac1064abffe54cfd36130efef659dd549481b1966932891231bfbb9ae,eth,1,2,0,21000,ok
0x90b832f013d35233c2dc9e367e3321a7a9d5b3fb43ea13388cb7bf51c4ec6f20,eth,1,2,0,21000,ok
0x6c0e16e922d2d8f7f7248ad7e0784dbc4dc5d64fa9128cab23fad986070b377a,eth,1,2,0,21000,ok
0x27931cb4bf5b2ffe361df16c07ec69cc52ba0b9e41f96c7816e5ea4fc62c0761,eth,1,2,0,21000,ok
0x9cf36d9e4f9d65cdd200c5ad99416caa9e51acc4a98904a42ac2336d6d85863a,eth,1,2,0,21000,ok
0xfda834b642aa8781483d0200b2c0c3de0e1c09fcb5f47d59cf0fa77f0398607b,eth,1,2,0,21000,ok
0xb2e0170abe537bcf2681ed750a5c50fd8c1522b7ee8876f2543713d8616186b7,eth,1,2,0,21000,ok
0x52889592253048b0bce56ade3674b8e9ef816873717b617ae3f20986e8a14f53,eth,1,2,0,21000,ok
0x28bf9f9813f98030ca3965f55b4c182041c275c4b3249b4486a41fdbc333aaff,eth,1,2,0,21000,ok
0xd0959975a5aee529e11a97c7b0087b43bb55711f52f60860e1ad6baa10727553,eth,1,2,0,21000,ok
0xf63eec44eb160dd35fec27104f5a05f82a6e6a6a352ab1e6a5b7529d2f76509d,eth,1,2,0,21000,ok
0xf295c848e8dc28ed66293b84a56bed7291a841907d62d3ac5e436caf70c78cd7,eth,1,2,0,21000,ok
0xe120e17d41ebf1b92c501573a0c4ff42e71c56e0da7df3134d9cbab8290e973b,eth,1,2,0,21000,ok
0x50ae6aed45a65e3e3308ee3551b64041f29908c144cc3698ac4c95e015a31b96,eth,1,2,0,21000,ok
0xbe0527a531d4d3da9e21c53541e280cd0d6d9a0e9141d8a33c3b6a6095857d3c,eth,1,2,0,21000,ok
0x80b3e74be2e9f54cf80204e56b2a42e821b900b08772f86ec4c3564693b4dabf,eth,1,2,0,21000,ok
0xe5a32cce29f3f9c41a0e32bc45992e891a93efa5a2ead4c489c4eef91138eb4f,eth,1,2,0,21000,ok
0x07361cbbeeaead4d3710e75eaf526566fc0d37bb1e1194065137c57c868ee8fc,eth,1,2,0,21000,ok
0xede35f8d066423837d11d0d915dd593e54f34cfa267b65c652748113562e0240,eth,1,2,0,21000,ok
0xa147ce4d1ca4de757c8089cf919a9dfef149e4617ab2362aaa71b4f960a157d1,eth,1,2,0,21000,ok
0x7f819996fdc8878fc98b497b5750ff7fcbdde034a2553e2af58de626f8db3f60,eth,1,2,0,21000,ok
0xb962c66643732d6f02c30fd1d8e712bfd495c4ca5d08451e5ccfa48b214bed24,eth,1,2,0,21000,ok
0x7c48436898f6ec287c418a59d70bef049ae7ff0e5b43f50f65a4ce70ab28cf52,eth,1,2,0,21000,ok
0xfa70a7c2ffe265c190e93e0049882083101f9ea7b1112711921721289685ced0,eth,1,2,0,21000,ok
0x7bec12aa320e586674d1f6eba791f4e4956d33c69f78738531f55dcf83384609,eth,1,2,0,21000,ok
0x1c222ec1666c563b8b79f6a140edb3971849893fabfb047a6cb82a54bf577632,eth,1,2,0,21000,ok
0x488932ae1e98218808b88e0048a7a11610b1d6cac75727bf22ddecdd3f1df93d,eth,1,2,0,21000,ok
0x9d75d029906f13ed8dfb7aeea4c599b89cad13382639da2bd81103e97962994c,eth,1,2,0,21000,ok
0x9da1cbeadfb931a03d1e833806739549c77dd020962af17d1fc26e4ea2a0da40,eth,1,2,0,21000,ok
0xb60f41e97c9534de498f1ea73352374b7d13f3bcf8542a9d2dc8fa599e9b96a4,eth,1,2,0,21000,ok
0x259cc3801bfd92c96eb643fd80692a3ed330dd3ccf80d88a709a876a13eec934,eth,1,2,0,21000,ok
0xaa0fd24ddb0b84e5a3686ca45beb761b52b6e5398407cb32154872168d273a06,eth,1,2,0,21000,ok
0x6ce7da573c53c2cebe104a9e47b180a95eadf0923e18f7c4f19a2fd9eb620bfa,eth,1,2,0,21000,ok
0x4ae4a86cf8131cef45577df970da2a49a33ff2082ae3a82593979e808e46c132,eth,1,2,0,21000,ok
0xfa82c4294433838b89d7dcd71e4af4555fc431b1c1351f59b0d293121c571560,eth,1,2,0,21000,ok
0xcc303c4da6719e72ada026234e20e833582827e0ff6e7a71911d37e99e0ac219,eth,1,2,0,21000,ok
0xa81e966ce803de67d6475584cc2e7028576db2e0e7b1b957b7b2b6add19aca0c,eth,1,2,0,21000,ok
0xed27d6fde03751344a1b01192ce488ea91a99707ac8e1a3a588cef2722c07643,eth,1,2,0,21000,ok
0xffcd32f6b4074b1af0b21127d18a79760b4d249a999710dd7144e0cda2d4cc5f,eth,1,2,0,21000,ok
0x2b30380c7512ff8f7691d4f4355c9286bc408b5d3d60d78417dc15ef55cdd40f,eth,1,2,0,21000,ok
0x90bf3f30c694518cbfe3269153a8b3a228966e5fbfb32251f179b8c06fe832ea,eth,1,2,0,21000,ok
0x8381ae104a83f811f8d2ae9bd645a5862221a308038121d42f4909e9907a1bf5,eth,1,2,0,21000,ok
0xa2e9b70ed241f07612117446f783d7bb20421d2dbe014514d5d846d7365f4cf6,eth,1,2,0,21000,ok
0x6317dfc07c7d157058f5752c49ee54887f4f5b0e0368637315a945158c9e2b3a,eth,1,2,0,21000,ok
0xe81073f9982ecf65f2a31b1f13c6aaa95e7c02bca4e6acffddbbb508855a1f1c,eth,1,2,0,21000,ok
0xbe52f303e7ac67c506b91a641be3f3311cda8cd0b263eddcd7845682097adc2a,eth,1,2,0,21000,ok
0xea4d9ffcb40e9708ae9bfe4009b33f2398047f1675056adbc1f1787e2163ba7a,eth,1,2,0,21000,ok
0xfcf98efb7ff8e16ca95617f549d2fa63e7ee0291d6c1e94b161635138abf1616,eth,1,2,0,21000,ok
0x94882444596dbd981239002fc39a2d6bea200e1739ced5eee28af457e13c1104,eth,1,2,0,21000,ok
0xd8eceb278a3160e32a07e5e7c31c69f005e83003e10dc3247685a83b79f25a4b,eth,1,2,0,21000,ok
0x3a926fe1b43ad8ff642acfc5472788f8bc14bdc8bd87021fa7325e3d24d7c67a,eth,1,2,0,21000,ok
0x03319667906b3c0389822b642d009d4bd9cc327f2ede1ff64e3b3349fb02202c,eth,1,2,0,21000,ok
0x583f946e2fd8531b895248a1fbac9e8b1337832df10580e9528a84c54c372f10,eth,1,2,0,21000,ok
0x9aa5afc360b5b45d53c60cc37789cac5015d24084b40ffd41f28b9a3fb185b8a,eth,1,2,0,21000,ok
0x14a84d6bc78f2041f0d8d85e6032130a9388c0f6f6eda185ddb8b2b16f0495c6,eth,1,2,0,21000,ok
0x0440fe4977b9ba1b6fa7ab42afa39f7e237beb8aebfd3acce04ab9bfe9fb9ba5,eth,1,2,0,21000,ok
0x3f0e3b58f9325b16bd92952ce5e6cd9fe091dac3c6e791e12e06fd6d1d8bea49,eth,1,2,0,21000,ok
0x29069f0917944ec541ddff3aca3477b21b879a4bbf415c5db8e3cdccf16490a4,eth,1,2,0,21000,ok
0x7478ed7a7ea60d45a1e138acb70cc86eba9b5eda3de517195ca53ec4fa75d13e,eth,1,2,0,21000,ok
0xc982e88cfb4dce1b07fa99cf7accc87840460cfd8a6d7eefeb20b6bcbe05b025,eth,1,2,0,21000,ok
0xbdedc296991e964539d83dca8c95bb364b142b561b85c9a7fb9283d8252f86d4,eth,1,2,0,21000,ok
0xde9a78b9b7dc27b77936d6a74ed48d011cc71cdf5143aa982a285c360cfdec7e,eth,1,2,0,21000,ok
0xbabd17260f0ee7b85a51056c0af5b8591265e1e528609f60bd2f01e55463460c,eth,1,2,0,21000,ok
0xfbac4518db836cc9f6015e62cd81b0ed221c3c10e31ff31e4eadf5aa4e989006,eth,1,2,0,21000,ok
0x99b46c52b1d8d231193ed025eeef8b26744f716c01074ac145c95c04ce6d5e09,eth,1,2,0,21000,ok
0x8257d9b07deb6a1e8ed0b98fc763902022ebbadd0bed13cca1130f705d4df085,eth,1,2,0,21000,ok
0x9ffad37f5e2ff84ef153a02a1fa312f3560bca41b0ba866600c70785dfe2d87f,eth,1,2,0,21000,ok
0xff234dfa79b1093b3ad2b7065d44b70204ee5c395eacf685442533cfe0fd82c5,eth,1,2,0,21000,ok
0x8243010309e55c9fe60a9684d3cb22ae66c21b9d45b217f51fc0793d22c144a3,eth,1,2,0,21000,ok
0x5be38a53323d93aa55c98ad9866a4b49c2c0099fbfa29ced631412990d4a21e2,eth,1,2,0,21000,ok
0x09a865f8a69ff3e8d28d10c221100f746ef895e3bb269d96a00d875341a89146,eth,1,2,0,21000,ok
0x6f5b1494a9c56c96068b435b09dfcb505434fa00b7dfaec466ccecde6abebba3,eth,1,2,0,21000,ok
0x845f3bb2e5ef58b443433ef5b781d317328bea5b3187f3bfd2702508ee0ea2cf,eth,1,2,0,21000,ok
0xd9b0b57b648bda8c66c4d3143d73d513abd46e9be137f98e2099f5c541b448a0,eth,1,2,0,21000,ok
0x0abb2d83758e7a10f865a1b47ee043962f8838bf8283396437319211932e5b78,eth,1,2,0,21000,ok
0xdefdde5e77b05143a0df123303078bc828bc9ee799020811d81d4895d3915e4a,eth,1,2,0,21000,ok
0x3040cdcc6383bf17973c922882418ec0de89128f47a808e61a95eca1492d77fb,eth,1,2,0,21000,ok
0x50fb6fd2d5c00b47e105dd8fe9377c18fae69a75c61219f3738383af653cddef,eth,1,2,0,21000,ok
0xcda576dc044a513474bf4def51efa70de547248ec3c2c39960e674b690c72905,eth,1,2,0,21000,ok
0x658a1a6c1ac12fdc53e980b0706237de0c4d649d63dbea2a84f46623a49e9e93,eth,1,2,0,21000,ok
0x9b46537d926c81821e388dbaa27b6e51d70e5494c2953aec312f78e9d444174c,eth,1,2,0,21000,ok
0x5ec0f4e471d3d78bc4d105ff0b34883f9f3f39e5c21969a64398f749b6bbe0de,eth,1,2,0,21000,ok
0xde6367463e5a4f1e340b30f771b6e8fab67f1fd0e6f8ca82651f885af385847b,eth,1,2,0,21000,ok
0xe3b20659b9700264c7a32070a769c94e9f5910be8659a075cb01da15cc2f4a45,eth,1,2,0,21000,ok
0xa028da16f3a5682184aea191e9ac8bd6c561789b34567db0ef8b0ef68e7be96f,eth,1,2,0,21000,ok
0x2ff00eba7642a765fc12a85639c6b49b46305d0e9427b679a80a0747de36ef6f,eth,1,2,0,21000,ok
0x748f157132bd1b156ed7024a5614d57bc8a317a4ff6ec7b765906554164187d9,eth,1,2,0,21000,ok
0x4383206bf7c683cbe2fb9fafd2142202279ca523f494ac18e820ed796a8c5421,eth,1,2,0,21000,ok
0x2737c0963974694b267f104c87b2e1a0de377ac9e9d77a349343ce37991fdb0b,eth,1,2,0,21000,ok
0xebc81a08e3db81925eb9f09c093a5249d0221e6decea58e49a9bb1c7d4b5c84e,eth,1,2,0,21000,ok
0xa0da561e9e6210fad05e65c1574f3dcc3f9c8ec7ab0e05661011218cbbfe9f5c,eth,1,2,0,21000,ok
0x0165c2cf7c3c6f89138773b5c34ddf18306610490174ae5472d3d4304fd449ae,eth,1,2,0,21000,ok
0x0c7fc5beceee3c3e8c245b3d2cc4b40cb5061ade753faedfff6d6598bd262d43,eth,1,2,0,21000,ok
0x6351823469dcb35cb225d3a36a7966b88148709cc2cf6d6db50adccc0d738d6d,eth,1,2,0,21000,ok
0x953056b474f4d9f30163f4fe2d3fd79d9da69fdf168d90077077b34e14c838dc,eth,1,2,0,21000,ok
0xe443f065a84f9bca228b6e7369da4769af956a5902cccbb54290c5f6ea897ceb,eth,1,2,0,21000,ok
0x799c97418e91dd6a78c183a08d3c8da4d93dc4cad7f376094dab06809801eeba,eth,1,2,0,21000,ok
0x77d68a4981d0d4ff9167f50bb6c13c4823d125c32fae27a1991802d36792de0b,eth,1,2,0,21000,ok
0x8ea43583c8acb37626633454add5f6967534cb65b7c6b02ebd8b28e8deb1b218,eth,1,2,0,21000,ok
0x129bf958c15e62e7bceef5fb7fcaf547c62639c169ee6cb5dc66cd92d759ce40,eth,1,2,0,21000,ok
0x49ce7270e0e83394f941d7b77bbee4dac3f652d0cc3e07c2a7197a8a41e8ae39,eth,1,2,0,21000,ok
0x1ddd247076ce9c23812eafb711e81d91066d3e69d5b749b3f57e613a7bb6565e,eth,1,2,0,21000,ok
0xe20be09cf70483e40473a9c09d864f2650a50111b425a24d09c19fd758f6a2e7,eth,1,2,0,21000,ok
0x29d5dcdd2e40cd8108b13cb69544eff758b6a8eeab3afcf69a09bb2f2a730029,eth,1,2,0,21000,ok
0x3193123b487ecc143ada4e08431b35092815c543173e65bda5812ed40603f3c4,eth,1,2,0,21000,ok
0x3111636541a3c6858241a925ce0c0b50d07746225c3785f4f0c4dc8000505781,eth,1,2,0,21000,ok
0x263a7cd2163dbc39781466a66fa9bc3543fa292f4cf519d777d02a836953f1b4,eth,1,2,0,21000,ok
0x3e45883e3873289b1644f201302b723f8166a9e61ec807ec97a0183cf961c988,eth,1,2,0,21000,ok
0x6101c9d7b1a1101c58d117fccc558a21cb8640439d75b284812869790eadfe3a,eth,1,2,0,21000,ok
0xe65bf1a6f99f5c67a7a986f9aa3ee46b61db30f7f3428c0dd8ad6fd13e57d8c6,eth,1,2,0,21000,ok
0x51d2b71f416089cbe2658064c08d4014242c58d62f427c132f25066b8024996e,eth,1,2,0,21000,ok
0xc85981aa6551bef2140d9fe3c58477b8e7671bbb05ae67b58cf397abfa2bed7c,eth,1,2,0,21000,ok
0xd6fc96d83805e904a417b9db791d2ea026bea8b797c331da7e0ef713a985e5ac,eth,1,2,0,21000,ok
0xe617466310522135ca6043e30b43afccc74fddd6607878dbf6d34be4c32003b2,eth,1,2,0,21000,ok
0x4df2287126ad98cb92dde17766a8f6b442774154c2c509b9d92b8bfd9d7dc9bd,eth,1,2,0,21000,ok
0x0067d7870ff9f9be6ac5f4d6679bc4c3b872296acca505d686fad98c7579f96e,eth,1,2,0,21000,ok
0xbb3253943b38c4dfcc01c87836a6e22c43d6b262031ddb81f1f45a7bfb86cdbf,eth,1,2,0,21000,ok
0x3935ca8ede89327e39eb70540562aa90b15d93394bb31e1dac16fab2fd757711,eth,1,2,0,21000,ok
0x0b2a9f265929fb25d05f99fb89c1b2bf1ace2e5bd6aaf5ef99f0fd08e55aebbd,eth,1,2,0,21000,ok
0x235097ce9431fe8e0aa134d68cd0d4abdb3db29ba9a9593a96721343e20dfad5,eth,1,2,0,21000,ok
0x0caf2a1d367b5ea95fb18320944caff6ab0d96cbb3e05e888a5bffbcf75563a6,eth,1,2,0,21000,ok
0x5e5cf271bdc261c03652987ea530e8db74f1de81a8a35d569ba9be7d8a33ba6a,eth,1,2,0,21000,ok
0xc8b763ae1cd80a29af8bda0342798ba8e6834b7eabac2be710a9dfba6797f683,eth,1,2,0,21000,ok
0xe20df346566541d80b40da8caa957dff32d945cf94a5ffecbdf526434f512b2b,eth,1,2,0,21000,ok
0xfbf8f1092ca082b639d680c36392fe39391a87d9ceba3f19042f90d060592d6b,eth,1,2,0,21000,ok
0x685ef96166ce9316b3ba6f5e8ce679d185bf000c17abe3212f7ae61ecab73219,eth,1,2,0,21000,ok
0x5357f344fd08b59ef6ae6f0b279f6599d81955f7934cedf152990ac1013c77e6,eth,1,2,0,21000,ok
0x6ca38c850420ed0b980c743ed76db9495bf2bbb8069ca90e007f04aa7a326069,eth,1,2,0,21000,ok
0xbcdda4e659087f46fde49fef61af0d6e3c65687711129b9c61bd6cea58bf39a1,eth,1,2,0,21000,ok
0x01a9840a5f7fec9fef6dfbe808208933b113fcb1414763fffd25e7c34279a73d,eth,1,2,0,21000,ok
0x68ffe5ba494501f6dfe8cd69281a91fd81ccfb1ffdfc14d80f15b5a96701d0a2,eth,1,2,0,21000,ok
0xcaec6c1f88efa8ac1a93cd319a9344b2ab87bc1a2bc2d4e6741f8db69c359f56,eth,1,2,0,21000,ok
0x4c6615f3a06bd3d19fbd14cb885747705f3cdf9d7dd02f544020ca84c5bc94b9,eth,1,2,0,21000,ok
0xb4e92596e7f882175a76438e4c31ed58c8f31aaaf377fcfd7998e6d55d25611a,eth,1,2,0,21000,ok
0x51e9013b0c2013d9440e643567a0c3d0dc039c0ce9097d0c113ea76c6335b300,eth,1,2,0,21000,ok
0x2f22c4fa819e6baa30cb0228b8216698f03dcb36201cbe343a77fcfb283572a9,eth,1,2,0,21000,ok
0x1e07bf1d33fe4b4b21e94a3cc427b7bcc8b522499e7beeaae42fbae81265d67e,eth,1,2,0,21000,ok
0xa76f6c3edfdc1a625f1f2b17e06cffe8491cec6c28f17c9a81618b10b1dbd5f8,eth,1,2,0,21000,ok
0xd4102dcd8a1dd7b35ccf63548ce5aab2c86d8bfd5aec8e57f3c43d3c3d6ff575,eth,1,2,0,21000,ok
0xf1332973eaa93a5003f3c6d9a381920cc12953aa65c89616ef6bb8e8246ed669,eth,1,2,0,21000,ok
0x81e17aefd350f3e39fdc23fb684e6f6fdbcecb31d1d49467f01bbbeb44445a5a,eth,1,2,0,21000,ok
0x83d036e72f89f970fcaa28ed88f09d1aa835e20275a23ca978b9b14c55de5c0e,eth,1,2,0,21000,ok
0x29d4baeb18134468b144a749d9843d570153bd878942b0baa809b3deff8a4a63,eth,1,2,0,21000,ok
0x810b3b5667492b1a8a8f0e7106cfddd000091437302956e858fc8cb7505b454e,eth,1,2,0,21000,ok
0xa7e7b98abea0d359f9361f70e458bca695f48ab481f022e322b5f04dcb7e9feb,eth,1,2,0,21000,ok
0xede1686ea209d54a74958deead94b944372c7112e0f5ddefa6a74c999874c184,eth,1,2,0,21000,ok
0x252c80bdc87ca15ad119ad17651efdc3d105ec18164c8ca578ce0d39a36e5c96,eth,1,2,0,21000,ok
0x4333725610fbc0ef66e2ccdf00f7a9f1f2e87d8c58083a8dd3ad10742868ecda,eth,1,2,0,21000,ok
0x5e5dbc2858939ed43b39c4884fe9d3063c2812ebf701f04221efbe26255ac37a,eth,1,2,0,21000,ok
0x3b18ccb0f29f2611739964fd2332a6320419119203aac368d76e5f918145cbba,eth,1,2,0,21000,ok
0xe832a8c8d266fef6f6ba49721646903efa2d6f0e0019b2a65ec638774bc013fe,eth,1,2,0,21000,ok
0xdd87dcb68f802488e97827ba545796f5de66fb79be8d5fa8ec55ce11c936a177,eth,1,2,0,21000,ok
0xcb1d8ac4428dab554fe923f99960d319b50380ec12cb494b701bb95bb7290d6e,eth,1,2,0,21000,ok
0x052942bc2975c096ce08e541e6a7f731b7d1c6f93a607e38c5d76aee2653125b,eth,1,2,0,21000,ok
0x065182bdc42b71219eb63f8d235e406de187a7638c1f46ca9c91ab083b484d28,eth,1,2,0,21000,ok
0xafc8a3483019e566724dc29c9a68b4963816f0700cfd56807eb2192b0cc5dd56,eth,1,2,0,21000,ok
0xb3d632d7cd9be432625372bc86bad630c5edff392db7d2169c7ed0eec343f4a4,eth,1,2,0,21000,ok
0x055bb9b093c9ff011aae566b9cc01b19f1cab9eb7ad12b6dcfcfa17a936371c6,eth,1,2,0,21000,ok
0xcca6ff2d35bec041bf0e73818fe1c3e8f029c7d1f81141b397ca320bf2ff4d01,eth,1,2,0,21000,ok
0x82a1be22f4084a533fc1f4ced3518370dd20ce589a1518660620fc4686b5db7c,eth,1,2,0,21000,ok
0x4efddcc7431caa9e9ddc5a7fb3c80f971982f45d536e18094232f70ce21d0323,eth,1,2,0,21000,ok
0x15070be6e8200f79e6f5d5f7521f13892f01ee81f9329d2eec810962bcd8a173,eth,1,2,0,21000,ok
0xb80e29b3737efac8d4ebf9b15352f2220ce5300292a8568651e3702edc3f86d9,eth,1,2,0,21000,ok
0x90a44637731ce9bc6882fc4cce35effa6ab16285945dd65c701174875afd4a60,eth,1,2,0,21000,ok
0x2a9840bf7313f87a95f6cc62d0e13595499fcb0a55a3a0ef39a99b85e1c8564a,eth,1,2,0,21000,ok
0x4403543be19ec1b1e907cee1d8b88f67cc1b38c19c2ffb07575d759b1eb7a773,eth,1,2,0,21000,ok
0x4a68691b027bdf486ba6eb01a35630457cf32048cb126e7112e712f7f34c037c,eth,1,2,0,21000,ok
0xe24bdd1d8fd405c761479cfeb541239056f2c555339769df3a5ba36db80916e9,eth,1,2,0,21000,ok
0xc048c27612c3f94228b26c94cf6e94dec6cd1cedcca3a8fd791d0202b7bb5e8f,eth,1,2,0,21000,ok
0xa7e25cb4e4dd105954cd4a38d9100a983cb8e344fe29beecf7c51751b83d9dba,eth,1,2,0,21000,ok
0x8236d4d935aaf91852376a6bc8c468a9b87f40f7d3ea7064257954b22ab6e74d,eth,1,2,0,21000,ok
0x3f6efb39477c49dd2064ba6a7189630f449bb1523689f6c4b1df30dc4b0b80be,eth,1,2,0,21000,ok
0x55dcb1090588804eca18efaa5e355419eb739e846b2776c2aa0720e9ba2084a4,eth,1,2,0,21000,ok
0xbd415f9973a53646ed97d231acf7e4cd88413978e0f72734538994f657eee83e,eth,1,2,0,21000,ok
0x936b845214d68a73d5f9f9b42381da1d03b1d9858efc03ef57abbed9bc1c046e,eth,1,2,0,21000,ok
0x74aab4f4f0103a5ed7d5e695a91bb804775856d0ad1328ba29cb1e73c81bcec8,eth,1,2,0,21000,ok
0x582f576937134b4cafa125c5af913032a74232dc6b4232e1a9cb548307f64f12,eth,1,2,0,21000,ok
0x4feaa2c8ab6584585f0c633d9f3f35ce12300448e230335ce627a871be77661c,eth,1,2,0,21000,ok
0x434d0dfccc2c00147cb25dc028a87d2aa625222a12d9085645b4b9a9b781b12c,eth,1,2,0,21000,ok
0xa21d7b5daa1fb8c45eeea724839fe8bc5368bff352612ffebe85673361976cac,eth,1,2,0,21000,ok
0x9b9f6208774256c9c7fc3c707845fba8b2e69c0bc2fc521a689b7abf688c8238,eth,1,2,0,21000,ok
0xc011508d354883de70d7d625b5ce6245f4815b3fa74b551623bacdba2684abb8,eth,1,2,0,21000,ok
0xb38c1fcb80aadb5441842b9687eb2caec147cb5377360353388518e5df47137f,eth,1,2,0,21000,ok
0x761f7e0ac3c9c2847197071b6dca31d1de9b22fc51eed8fd8213707fbfcc0c0e,eth,1,2,0,21000,ok
0x3835829a63bcee62a7717ec59298d526a7fa32dc5713a6203e137106b3ce3ac7,eth,1,2,0,21000,ok
0xef226598f2dc34d172e996d010a7472f9fbae684207a52ce1aa4968471d976c5,eth,1,2,0,21000,ok
0x44db5829c13319234efcacdf2937c208b5438b3451fc9d5123a065dd59151618,eth,1,2,0,21000,ok
0x3391540a48df65440c6aa66fd9280d95a67d34422835f1a210d07005b4d57695,eth,1,2,0,21000,ok
0x89339ed1b8eaa3a1b1634b5b3136ec5dce522a42f5440750d83d1a7b837877cb,eth,1,2,0,21000,ok
0x5d538be13596bc4ce7d0391b726314862bf66de17e21a29b1a4f7ec6c9464119,eth,1,2,0,21000,ok
0xb05847092f430bc675413e08eb23f8b09b7fa139b30a3c45bf7a2911d299a011,eth,1,2,0,21000,ok
0x3ba16101dd76760d3f9bb7bde6ee7888fa3e1ce08fab15af4b8cff31ee3f6877,eth,1,2,0,21000,ok
0x67061f5feba5142f856690a605d0f57f705813f4468ebf547b8e682127a0a103,eth,1,2,0,21000,ok
0x098da0205d0207ff7422bd02082d0f210140a9a2a212f5eccda01623ed72eaf4,eth,1,2,0,21000,ok
0x13a057cf2377df8e3a4f5ac3ba6b225b0ad26165cf8c2cf0168a1ff6e37619f3,eth,1,2,0,21000,ok
0xd6aea8283aefa715fae82ef99683a6998d4b4dc9a1d399aec6e109d331bebd44,eth,1,2,0,21000,ok
0x8dd3018f39f3bb0397a2f5a91c0702a19ec16d3244ade23a6025b90c2f201d71,eth,1,2,0,21000,ok
0x9c448bcfa289899201ed681b52be956557284edf5b1df9be259939257a838dd0,eth,1,2,0,21000,ok
0x805dd563781d7e03cc782dac5be6e77a7fadea11477f65b0f0e7873beac1e15f,eth,1,2,0,21000,ok
0xb9cfc3e6a945aa40193424ffaf9563308a3a02f73e54fec773e18d687e7168d1,eth,1,2,0,21000,ok
0x9de4fc49487e57b917d3a2c6c116c158ef5f66540a771476d31834cd40f7d6a0,eth,1,2,0,21000,ok
0xb39f746e28867285cbbdd1a57de23a7dfc459132cbf4711300312c8ba3a32dd6,eth,1,2,0,21000,ok
0xa9da3428135b87512c3ccae2f01c99b987ea8e7195e07a8b4bf2756290b8da1b,eth,1,2,0,21000,ok
0x5813e9b568fc3047290d1c694a7639552e704cc210d1eca1f1ea7f723608612f,eth,1,2,0,21000,ok
0x75ffb190321358a3f1a2e812fe8eee96bb4adac7a175cc4bcea3ec6bd95306e0,eth,1,2,0,21000,ok
0x5a1aa0f4f117f17e7e4cd950de7e8c9153c002a314bf6705519a20d0a20e709c,eth,1,2,0,21000,ok
0xb6e0eac20bb43349325021f8280af3d40d33489d5dbc5a95823b05a5e17f3af6,eth,1,2,0,21000,ok
0x9f0e24806b7029a6d83c2ca339382e265ec6d1804281cad2c484cc6edca2c73e,eth,1,2,0,21000,ok
0xaaa5c5256049442eac3d12bfb8619a8150081d68f8f51df36ac22595f5b8e401,eth,1,2,0,21000,ok
0x0b7c115060b35c71accc678ac9b5cb20119aee19d288a5eab1afa147b3fc4ee6,eth,1,2,0,21000,ok
0x64492539495263cd81338635de16814cc757fe12785caaca119eb7bacd0e99ae,eth,1,2,0,21000,ok
0x4a55af597ff784044315d6ff1be4451d6bc41a55432a0bccba81029be1e20dcc,eth,1,2,0,21000,ok
0x3c3261172d63f17a128bbe8c3df3cd6a2d2ee13a437d0dc493b7027613ac85b7,eth,1,2,0,21000,ok
0xac37a00fcd7ba374665fc59f509d9455903b70fea5435e8592ba885cbe34fb02,eth,1,2,0,21000,ok
0x85cd0e973de3177e30a33781ed76b8312ef6ee2877fb7414ec2e74fc4c24f03b,eth,1,2,0,21000,ok
0x0b54ca8373479a0d28ea113ddae9bbe09e7beb702a6906312cb8f889e90ff0af,eth,1,2,0,21000,ok
0x11ace0cd896cfde1e7e0887f3e62bc7231d3f0178b862b1a41472ba0bce3980f,eth,1,2,0,21000,ok
0xd9b7e98a9dca34da05ae0c390c11953e93da72128c81265094d734bfaf12e497,eth,1,2,0,21000,ok
0x1ede7a7e1ad255c05dfdeb3738efe820079ac30474b1833106ae02813062176b,eth,1,2,0,21000,ok
0xd210ce4174104aa4a20d38af720cb2b95f7a052c46f8affc260a18a6d85c4f16,eth,1,2,0,21000,ok
0x44bef6138555e12d82f5f5fc5f24e043523d379bebe3cc331f7aec728395ae43,eth,1,2,0,21000,ok
0x1bd39fba96f021ae755c563e0c16813e349533251a7d61d08dbeace85c49657f,eth,1,2,0,21000,ok
0x33d5c3f4b45aca4575317486c8540c9cd48228c4966b79792d085a551578b9e7,eth,1,2,0,21000,ok
0x80b8162a87354543ae9d9f8823e11c122c7d7bbf71621c88e2e947fd99397afb,eth,1,2,0,21000,ok
0x8bbc1538b450fe30d575c67ed167f4d48d6fe87faca854e16fc9fa4c966777f8,eth,1,2,0,21000,ok
0xd791a79cd3c7650d93a22a3a9cce0710cc2e5ef1333fdb3667dc161e687ef0db,eth,1,2,0,21000,ok
0x82e265cd9f7d9f47dc1daeed50ab815cffae015afa84f0474b24d4aa3313e06c,eth,1,2,0,21000,ok
0x398a0faae3136eb62c5ce2e52632a4f7c4c78967c50974fa3f2076003e92467d,eth,1,2,0,21000,ok
0x511201d6278bee8dde5ae61f3833d93ac0f8507aadb441c516d7deb76198b28d,eth,1,2,0,21000,ok
0xbafc480bafd8f49166f523431417af29e0b60b0102be4c4de9ac14eb408602d6,eth,1,2,0,21000,ok
0x392b8aa07dabec529b26aab4a12a085d7878c77f7a5a42db0df3e4717bcb867e,eth,1,2,0,21000,ok
0x2108f5aceb71a09286872025831f80a87ddb29dd0eaa49cc30625d78671097e9,eth,1,2,0,21000,ok
0x8d4625ee09d47ba2decf326d079911f5ed9871cd1777929230afb895a9069347,eth,1,2,0,21000,ok
0x0f12f71bdc849943e350f09994b1e00caca9f8041e6ce1657894957ffa5e2c53,eth,1,2,0,21000,ok
0xbb1910f8e3d5612339214113cb8f390ae02b113b99f1024db8b61dc412291b9f,eth,1,2,0,21000,ok
0x83941bc575fac174d44c5b73c02a164b08bd4c9888f9eb6a0a18748f0fb02d78,eth,1,2,0,21000,ok
0x65a08d9f5c7f80b9f3b2c258b1f11b1902ac863393cf9e41c988e01433a5ebb5,eth,1,2,0,21000,ok
0xb172aa4874b6de339a15b678a95f605e4882ddb7665629907981265ed8a14cfa,eth,1,2,0,21000,ok
0xafd9b84135f1de7e4f05ca94cf09671eea8bccfe366df25580bef66e16ca0f50,eth,1,2,0,21000,ok
0xd8b2f70210e34dddcc4832d8e7389376e9b1c43d2f62c6d9874370e278549f6a,eth,1,2,0,21000,ok
0x9fbaad915192f3c1c8f53deca5aabcb0cf206b5f063675988c35a28604f958e3,eth,1,2,0,21000,ok
0x4ed61395800dc047d501bd28b1bf2c1c43c46ff915ee465dc3dfb936a336573d,eth,1,2,0,21000,ok
0x8afb303fc71ba381e961ef3baea23c72eca88364d64fffb5e4a6c3b414312efb,eth,1,2,0,21000,ok
0x45d5b4fa5c8145c0c8c55d7172eb88fc2acdca4121691c5430262da166d51a41,eth,1,2,0,21000,ok
0x2b96af6421f14d570e61abddcab48585fd5c7e03aa463578a8d7d668627e206e,eth,1,2,0,21000,ok
0xa16b7e40b25a2df16fc8bd85566636f6500e499e3a13826e84b646af599ccba4,eth,1,2,0,21000,ok
0x6656a1db1f109a07686f306f6a2c1fef62881268d7900b3640846ee914564686,eth,1,2,0,21000,ok
0x74009f5a8b1d8582e0f11827619d1ae281c3a9714f61e70218de27594e71edfc,eth,1,2,0,21000,ok
0x79cc5030db3a31a838210cbbbcbe3725901ed8fb67c92098b27499eb5371df57,eth,1,2,0,21000,ok
0xb491ce0bb99699b0abb0f517caafd12b6ceeeb947aeec09c44e907453268cdba,eth,1,2,0,21000,ok
0x787e4c335efbc437ce97cb889807eefa8647c6dbfbf046dbda5ee1e931601b07,eth,1,2,0,21000,ok
0x967824c09724f23430b4ca67fe2f60af16cf2c0d4ae3137872effa2e7a4892ff,eth,1,2,0,21000,ok
0xe67bbe1a9b9c29b5f58b4358b73341cc07b32d2e38a5e083405e09e5e4e37000,eth,1,2,0,21000,ok
0xab0d3f92d57c656e5aa62a6f7cbcfcb589a8d21b7aaec579475857e995b184df,eth,1,2,0,21000,ok
0xcdfebc07a46ccb94af9a2a9b2ed9c8217505f41ce7699d4644bdd825c0be7f43,eth,1,2,0,21000,ok
0xb47a65fdbecb5f13200d86908538214c401a813a9e4259b96fb3e8e0f5c57c2c,eth,1,2,0,21000,ok
0xf507d83bf8091e708cc0cc88ad77b038cd6980f5229da031f918d6ab8fe74358,eth,1,2,0,21000,ok
0xc63bff7e47eb4539e3986b8661977b9fc02ec5cf208895f22ea5d560ea3d35f5,eth,1,2,0,21000,ok
0x72c3bdc927a0fde17a022cea367381f37693a8791777daa2b25d7f8ec48820b0,eth,1,2,0,21000,ok
0x389247b0d7674c68ae437b68fce0a03052a5507710134feb795aa60db949dfaf,eth,1,2,0,21000,ok
0x4ec7f9947045751f8b69e317f474bd71a219e91f91c3eebc52d7119ae0029a8e,eth,1,2,0,21000,ok
0xab9c1e709455b942ce3de0bec7efdaed18143b0d35ed9c00ea05892f348ba888,eth,1,2,0,21000,ok
0xa0c9d3f62d3139201c704134d3f861ad6dfe4b8e8a3fde8391c556ef6ae1f5f0,eth,1,2,0,21000,ok
0x14020b857121eb23c569bda42936776508396ce5fe05050064a5fc98c1eaf8e8,eth,1,2,0,21000,ok
0xc5224d3c5499c8ca0a95b6493fb16c29e2ec176fe77c53b4688cd4e8c33ad4a7,eth,1,2,0,21000,ok
0x8733e8ee7e6cfcdd83070e91d5c5fe0f538d6b65b795c38015d6b06a7c175b9b,eth,1,2,0,21000,ok
0x95d32970646613dd60ff949335a9b7c8706a84877625576462b323357ddef0ca,eth,1,2,0,21000,ok
0x86542b0988cad0e1d300b9e6e723613607dc483ce2b4f25d43dc4cc47b946f17,eth,1,2,0,21000,ok
0xc1aae78756c1dc1218317d53830f34ccfcace3d0821fd881d78f73061f649d9b,eth,1,2,0,21000,ok
0x246692a30657507976a53c695203504bf6de0700ec47729f857d8426fd37a024,eth,1,2,0,21000,ok
0xc144033d46f3c3681693529b7412014ca81c08b1bbdfd00c103221b920ccade9,eth,1,2,0,21000,ok
0x5852219c5839de17e364e25dca78c91345a2ab828d929aff6ab0340fb4f37ced,eth,1,2,0,21000,ok
0xbcf927c839a85f22be5b3b19f5dd6c1172c47da3fc7a666aa57f4341c03c1234,eth,1,2,0,21000,ok
0x058009008ab4abcf4bf07492aac6199f4936050e0f06fc6ecdc8c3f34b22c36c,eth,1,2,0,21000,ok
0x3d4e8ee0ac557a62cbcb275b92df4f34fbbfdb93db56d3e6ce16d95cd9e3b577,eth,1,2,0,21000,ok
0xb14ebfdb08fd9d83f8385feb51dbedfcff9e51d5753d06ac7323c6677f03734e,eth,1,2,0,21000,ok
0x171217f9e118f10664c06cdc785df05593681f0e977829ef0b4cde118b66e2a2,eth,1,2,0,21000,ok
0x65ede690ffd1ce9359c21729c437df3398cd122e42fe6b423606fb9af88e957c,eth,1,2,0,21000,ok
0x4b30eea5e176c213b562dc641a6cff8a561758b7927c79cf275763bba1db9828,eth,1,2,0,21000,ok
0xbce0031dd1df0938e8f4993bbef23ae3bbbd2690a476b985a5bcf37419d21d29,eth,1,2,0,21000,ok
0xec9323a496bad7c1e8cb3ccc2d77c1110abd38588e6c338a5d7d359562821f31,eth,1,2,0,21000,ok
0x7e0c658e49707babc68852d61290711f04ec7cc818e87e961de77b7f23ca50fd,eth,1,2,0,21000,ok
0x4c537c6075306234fc2a0746e2f74107a81211bc910e050aaa2e6fa18411fe24,eth,1,2,0,21000,ok
0xa921a9e0938bc79e591ae138a1f12116388d0045c9cb2f7ebc02aa20e399811f,eth,1,2,0,21000,ok
0x88ebcc4c9480f1b8811a7f9008ad497dd645fc00f59b7a13c8f3157955d979a5,eth,1,2,0,21000,ok
0x6dd8b37bfc8eaafdbb475a38978b9af04ae9f5e9cb35bac0f8049b26001c8027,eth,1,2,0,21000,ok
0x3937321997f4555983eef47ce2b109623941153ce566db81c60897084440f987,eth,1,2,0,21000,ok
0xad3fdd3600cee6eea8f417dbf5fee7392a41c860d5c0ba00396276c3358f9a49,eth,1,2,0,21000,ok
0x0ba78fbb4a3dedd1edbf16c061a39bda6e5aa41e3c935ea84392d04df01ac3e4,eth,1,2,0,21000,ok
0x94ceed08ec7f50bc84a199b21df0f92f31a643bd19ea154d9d69334e8e3dad45,eth,1,2,0,21000,ok
0xa4c5ed66c8ec42df6a50b89cae55b712eb4e400da226c39122ff73a0a14bdf05,eth,1,2,0,21000,ok
0xf21194ca59249d7d6dd78abbddce52ed84c39da2b093171b13f455b5ba307d1c,eth,1,2,0,21000,ok
0x6d727437665154648f4baa893efc802cc15a1818e23913b981db8aa49dd38f23,eth,1,2,0,21000,ok
0xd4f13938d38cb81b8b985eac29ae9cee9195c0f04d427ee70a555638f1374a7b,eth,1,2,0,21000,ok
0x77f224e2009fdf64e624a1554b49d1501ab36ead77ebb256afc6e01f8763cba8,eth,1,2,0,21000,ok
0x64bdf2b04d1bf8ce4e9b284db1b4c1f9438fa0fba55828c3cbb2945d9051207f,eth,1,2,0,21000,ok
0x343df66b088e9c456a5158dcb469a977e30af1b12369e7106cbfe99b983a49c5,eth,1,2,0,21000,ok
0x6b54276f225393d98bff2cd9dcf84c43dd1d1f8b2a65c34115c84bb21c5eb243,eth,1,2,0,21000,ok
0xb1313daf72fdb0335d2072c0e151d0c74f3bf69dc40742d0c8f1a573546d48f3,eth,1,2,0,21000,ok
0x810bbe42f8ec126dd9216708c2db6e29647e7c45f3df9d4cda978eb4699a3e51,eth,1,2,0,21000,ok
0x010016e25075411f2029874f31e5cadbbde7d81f8a1040febda3c79e69c89971,eth,1,2,0,21000,ok
0x2e03d3e5ef170036b7f00acd9e6fa0612c5e80d9469d31d9d183c581c423f94a,eth,1,2,0,21000,ok
0xb6e2b91c9e0a253a2130db27525b40c6f103bf4e78736b21b76ead3cb66df761,eth,1,2,0,21000,ok
0xd97b51a9be431a5c86ae17705d6657ea9271e8abce54f8dcf3a0ff63ce2f48bc,eth,1,2,0,21000,ok
0xf837ef7466f002a24053838893c9b363f35b43a9bc5aeb50978154e49e56976d,eth,1,2,0,21000,ok
0xd55fffd8e300a8198fffc15b8ce305d978c02774df106e4a0b5244a4d6991f1f,eth,1,2,0,21000,ok
0x5ee7cc6b6489c1675ecf2d3917c8acff2ae9dcee94ad94447b521b29c20f7dc9,eth,1,2,0,21000,ok
0xb0c45b5114c3ad05e7ba4d0f37e4765e2298c62fc5c2ec2c85c909327ecef7b5,eth,1,2,0,21000,ok
0xccd56fd549b135d9a3e61ae0ca14ed9acfb0e50a1ed0710f292f35f56ce9a464,eth,1,2,0,21000,ok
0xcce15460dc24c08627d5f04174d80fc4d589670f9e35e53efe389d529257b486,eth,1,2,0,21000,ok
0xdee721bf90c4f96cf230a24cb3f637225257158dba915b8d091dea47476ec4cc,eth,1,2,0,21000,ok
0x28453976dd15aa2388a9278f157e1b177f7202ebb38637f572318a84a509941b,eth,1,2,0,21000,ok
0x3a505efaf85f53f1c33bb27ff5970f39b0d353ea77e8421f5c8208b4fe569181,eth,1,2,0,21000,ok
0x6108fd399599e9f91c783742bc97f7111fb7a579093f947608b6799a39b75265,eth,1,2,0,21000,ok
0x7dc33b7e6cba90113ef789b92f2ce1c40f78aaeb9c2ca7cfaecfa4421157c300,eth,1,2,0,21000,ok
0x11b8067d3eda9e65f2854d00d42ce9b7299bfe65de42d243a8eff2fe46c10072,eth,1,2,0,21000,ok
0x254f1761cf3da446f113e07daa781492ce7ccc82e8dae9970d5d8fb9225f50d8,eth,1,2,0,21000,ok
0xd37eac13b89fceb6aef6b52e300432a4fabddb3ffcbee0a607dabcad2279c128,eth,1,2,0,21000,ok
0x34f247dccf3aee7628e80b29ca4d07ad3c3a2612733aad9640214d79f2c5b785,eth,1,2,0,21000,ok
0xe2d1a1b40ba274b5ac7e6ac6206720169808ac4a3d45363250f1abcb489c2931,eth,1,2,0,21000,ok
0x6c504ab269ce5c2c6fbd6a94f61356394cb227f4323c66db0f9c6a1f123e240c,eth,1,2,0,21000,ok
0xf266830d7e8ab5811cf57258f4579f5ddd7f012b55cede493584bda9d300624b,eth,1,2,0,21000,ok
0x8cc19469d775d01d89d12d8608fcef2c678a195090fd597f942b6b20bc34c5ce,eth,1,2,0,21000,ok
0x6d69181f7b46666aaaa91076b34139d0b42e79197c598fe6f6ec783d493bfcdc,eth,1,2,0,21000,ok
0xc6e45a94dcf1906d3759b0a27eb4cbe61c488b8c9ad4415e24feca4f71e33644,eth,1,2,0,21000,ok
0x5deb23b6936081827b1d9f79b1dda47b69d96df600e62a919253f33d919d5673,eth,1,2,0,21000,ok
0xc910822389277e358477b0f7f7c2a5c7ec2d2fb0774eebe6edb5831fc5397e3e,eth,1,2,0,21000,ok
0x7aff7d3aee642f8bb4f923b7107461cdd64b49f8c28738876bfdb1a4c3722a51,eth,1,2,0,21000,ok
0x9e021c5f229478743466ab7d156f2aff232d8e6e41a2a0c99a85416a83f20fdc,eth,1,2,0,21000,ok
0x1306030d6fb9b655903142a22ac4873a469509562124a5ddeada132234294d7c,eth,1,2,0,21000,ok
0x96b9ef92b205d81caa69ef04e115353bec6fbf8b857f8ca2dbbd7f4090d35d9a,eth,1,2,0,21000,ok
0x546079953eb8a8cb42aa75726b7d2a7ba8bfcf885944d585f0e1c056e04f339c,eth,1,2,0,21000,ok
0x9e425fc2b5b45d3fb6cb18e6ffd98a40c4e50402fd0ddca41630cea32e354c97,eth,1,2,0,21000,ok
0x454856e0033f32319efe208ac6f0e4aa4193659e548891eaf68839170e5847ed,eth,1,2,0,21000,ok
0x5b38184e513b9e8c481812aa4881a1f843ff1d9a35570a40b92296610f7d8eb0,eth,1,2,0,21000,ok
0x39fcb6231863df3dc28b049f81562c0158255d4115850f7d4b3aba143a43c2c2,eth,1,2,0,21000,ok
0x7283d7fdc4f3bef49ba929661efa9dcb77dcd2cdfc502a06640d273038b8321b,eth,1,2,0,21000,ok
0x57b535ea451a8d8ba342a849d85a9415723ea65f2478d7750f81850ec4ba0933,eth,1,2,0,21000,ok
0x669b38497cd30f788f84cbf9875b5e756d620c20796c787cc6537aa6961e5b66,eth,1,2,0,21000,ok
0x0d05b6087d84656bf87262b3ec2aebc44e0011f3527187d88937694612c44d5a,eth,1,2,0,21000,ok
0xbc177e10b7b586e9640b4c8bb5b30af8b37e9c51945df73adf2003f40f1ee5bb,eth,1,2,0,21000,ok
0xf9d0e0a855d2cf7b194714bb98a82c698473bcec755bc4b55893b010278af246,eth,1,2,0,21000,ok
0x3732c5f7f83b95e8888cdccf58db7abbfa8fa0944a42124bdc6d397762cc2778,eth,1,2,0,21000,ok
0xdfb934063d628def3a6cd4543543562d7579f21cfb267ee3b222cf3b55c90c78,eth,1,2,0,21000,ok
0xab94ad4baf742781b0e853f4bfc2c9644b0d7bc5be235c68e8d6c68226bb3e50,eth,1,2,0,21000,ok
0x13469accc9c646c5453afad313264e7e21d207f674d87cfdf89b2cbed876197c,eth,1,2,0,21000,ok
0xc22291e19ca08a63ce828a42f8a6a25232431710fa1b2c0fa6bb613bc59273bf,eth,1,2,0,21000,ok
0x8eba8c6d2fe0ce6ff2ac0372c2c9ee86aa9537c6f26833fd5a3bbb836881c8ae,eth,1,2,0,21000,ok
0x13c33547f7daf41aef76e2b79b1d0bbe2372480a3b720e7edfc325501fc0c3d6,eth,1,2,0,21000,ok
0x3cda658f1d2d4cee50954af09a7281fb11e9903c20587435f217791cf12da658,eth,1,2,0,21000,ok
0x5df1c351f91146c4a8d005c0230d83c6c720de98ff06f57744c1cba0deb782cb,eth,1,2,0,21000,ok
0xf303c69dd5ad5e9b34049edbf7386f96126442597889511f6e51e8fb17aadd64,eth,1,2,0,21000,ok
0x51a1eee775aeb73dd87889806e94c90df4a5de2e153f23c4ecb6be40bcf592f9,eth,1,2,0,21000,ok
0x51b5f1fe63fb89c1b211559197bcb3c5e64a5f56b3438cc659fc2447aadc3847,eth,1,2,0,21000,ok
0x24243ecdbef3535dc726513ad56e4ef78cb5e001772b26c78c442e6438a6eb17,eth,1,2,0,21000,ok
0x23772125fc5b75bd616ed9c8bca8935311453b3970778126270e6e77dce4e692,eth,1,2,0,21000,ok
0x0b101be90d02d506514293b426a72a728dc8f44ff87398b2365a1d48f175f05d,eth,1,2,0,21000,ok
0xa170fa06cfe06c3f3ad60af17c3c90361b879e806d6e6d295d3c38da7dc8c6f4,eth,1,2,0,21000,ok
0x8676e1fdd7630cf98b3ead19d5a78fa509e7bdf355b8d88513c2947b3a24fad4,eth,1,2,0,21000,ok
0x67d86bca139316247a6edd813e5fcbd3b527d66d9a382d07f0d3f508374b2063,eth,1,2,0,21000,ok
0x389071f4699aa6104631609d5dba84ef10d645b90fe183b77299990402202a15,eth,1,2,0,21000,ok
0x9fee890e52d42772f4878983f777f7239bcf5f157b7896786f2ed8eb041fe918,eth,1,2,0,21000,ok
0xa696c6176ce5a1c33e515af01029660846cbee952a3ef95642fca2af39ec5704,eth,1,2,0,21000,ok
0xdb29b0a586041144bcbb68a1f34a9a243a2706c15f10e5a690f188341a857d64,eth,1,2,0,21000,ok
0x7faa6a4a84dda85376d4e7f5bcef987de558c711584362c764cc867a6dc89514,eth,1,2,0,21000,ok
0xacaa2f27e609723f082bd493708a9a3d22998beefe7001d551cbfa3fede517cb,eth,1,2,0,21000,ok
0x814b9f43573bed06aac33c72dcdd749b73d25de014d54a747bb9760383cb9cbf,eth,1,2,0,21000,ok
0x722e3d7bd08b06857c128da5736b7b0117d8c111f6fc35fb249f8643385f88b4,eth,1,2,0,21000,ok
0x61ba42097277780b668eb5101ec0b255151f209cb8e3f9eaead3aae87a2b8df3,eth,1,2,0,21000,ok
0x303d2340a09e35e3862b08742fee58cd6514bf789143fcdc3042c8d624443083,eth,1,2,0,21000,ok
0x856980756efd9f0300ca53e5e55b9b247ea8018a28d171af72218c5f212b8e1d,eth,1,2,0,21000,ok
0x5c7760a15453ae07399c4a3fc8a083f24ab9ef7c8612d8f45fe70954815464de,eth,1,2,0,21000,ok
0x115496ccc680a5bd9bf022cafdba7518c2e154a6d6583e746c0d45856be5f303,eth,1,2,0,21000,ok
0xd416086765bcab3a86e85ef87b6235a5d1aa5becb824c4180325e6705a40490a,eth,1,2,0,21000,ok
0xb7e60214d6d88a3317d03b3429fc4e30c5987502f44c15c2c66e6c6fecc9bc48,eth,1,2,0,21000,ok
0x6565c9d1651d3d31b99d26eda6f8169f9180c76d4e3f1407210e62ffa1146af6,eth,1,2,0,21000,ok
0xc11e77124fd752acb2ae3dfbaf6bc9f6f1ab7912965e4eb6d1fc252a5418d317,eth,1,2,0,21000,ok
0x033b3ea6104ad5ff357d6317bf3478d1db0ca48770e11b3af15e835f6b3302aa,eth,1,2,0,21000,ok
0x6a171ef52ea5283cad313d15995bc193533124f5eb0bbea5980788550ee20eee,eth,1,2,0,21000,ok
0x9f13ffd290064bc9ff5261a74080dfbe7fda4987dbfff262663e72733cadb69a,eth,1,2,0,21000,ok
0x93d39a235fcf9e24e83e7f746175e67c6ce918a6dffac264fa2c23b3b43f2329,eth,1,2,0,21000,ok
0xdb2c80856d452a4ae2aae7ad5d5875be88151346ffc44d6370da5340939dba5f,eth,1,2,0,21000,ok
0x308ed3f1648d2224757e8c73215f54b4aad8e31d2fb43a6140d5badf55d0a494,eth,1,2,0,21000,ok
0x215cc3b4ed3e98b354ef5a2506ba3b28d1e7c6a1dbdbdb41ca9780455acc517e,eth,1,2,0,21000,ok
0x31c92599d754ae46b7bbb6272065acd6968e6534168dc1d3c1355cb37a0c01dc,eth,1,2,0,21000,ok
0xab93b451a21e0d05172a7120e74228fba5c1a9e36ae74120ef97f63b842dd399,eth,1,2,0,21000,ok
0x03353053b448484b27f7f20e49faa0bf2a1284b165c68feb80b4e62446e865f9,eth,1,2,0,21000,ok
0x353d5889b1bd329ead15bfd54470617818dca265784095d3ae0d0891fdedf804,eth,1,2,0,21000,ok
0x11b00f6b1ecd35eccc56bef9bc5999c78766e577479f10a916b1d72c0adcdedd,eth,1,2,0,21000,ok
0xb4ced17be774c356ed18720eee804d5fb944f636927d55ac127e865f2e80e3f1,eth,1,2,0,21000,ok
0x426c61156c1c6d3ebf39f4e009123921017aee90ac6eff13fd46bb3a44b9becf,eth,1,2,0,21000,ok
0xcf5269c9a68e9c6809c56bf25b26e2d404c8a89ce4fd8fb1328006fb3a11e398,eth,1,2,0,21000,ok
0x9374e4d47b2a80831229f2120b005c8e21147bd07a9a863ce918ca2bfb08a6f9,eth,1,2,0,21000,ok
0xedc9a1276c6f095e4902f4f78b923083b7d6b81c01afa62d9382d41f7b51c73b,eth,1,2,0,21000,ok
0x9c4216c615358972b7b122c8cf14c873f0f79a0df361b614848d8bb6fab87b3b,eth,1,2,0,21000,ok
0x98a2c9cf504932d359a1e47ce1d6e0fc3afcacc0e2777ec29fcf622e7890287a,eth,1,2,0,21000,ok
0xdfebf41ddd9226dfdf5e2fe1fd23fc25c1bb10594a87e49fe1fd2d69a9b27b20,eth,1,2,0,21000,ok
0x7417134c9680deaa2155cea2be306ae03daf2b92958b486c2c7e2e725b9f1700,eth,1,2,0,21000,ok
0x7e8a2fd139bc4117fdb92ad45d173fd017b8532c996b97928bf11d4c9416f0b7,eth,1,2,0,21000,ok
0xc62001da3cc4cade7aee744a4383fef1536e02287a3f9ae946cd246106a5976c,eth,1,2,0,21000,ok
0x8c63f49c0422035cc1b8032b15b73aefdf8c919563c32c3d3b1efdf96046aaf4,eth,1,2,0,21000,ok
0xe1b7d02ae0300ff767d90195f8f4d08015396ea2546fe87e72c04cea6602ba7f,eth,1,2,0,21000,ok
0x3abcfcdd95c9ce2477ff2cb8fb287a5097637bda70a67e5567ba7cb367b9695e,eth,1,2,0,21000,ok
0xac5b746d4b7b3dfcc116679a2944b0154eee4e66c4064302942c9a90f15f5de4,eth,1,2,0,21000,ok
0xa90c760214aaf9d876e1f0560232408efac0103dc681acb263dc0629540d733d,eth,1,2,0,21000,ok
0x260603fa37b9e5ff801e0a55ec49ed48d8737cab0963e6e5819e91a2f32d5bd5,eth,1,2,0,21000,ok
0x48aa1ffcfee8480484aa796f0c116ed2feaa752f34c4cccbc50ccd1a2976ee47,eth,1,2,0,21000,ok
0xb403dc71845bb2df2752b1217bf61c3019d2d6467711fe8c70cb21e63224c9f0,eth,1,2,0,21000,ok
0xda9d62a08267c217435c64826be01cb52a404a99ad05e4dd7ac83837f4375ece,eth,1,2,0,21000,ok
0xc64d0a341ec97e0a0f115449adb8fa99788f150b705bf26d2a96c17181b7939f,eth,1,2,0,21000,ok
0x8593b50a58605e6813c81897094e3506498c1cfbcd195e087dbcc8e07691e0aa,eth,1,2,0,21000,ok
0x669d31748fc2a8e66cd69f07e786fc541a062c5a4bae822941b829c27869b6eb,eth,1,2,0,21000,ok
0xfb07a88e74b2681cd7b51a86c4421a9484366d7b9b7b003b9c677afabf620943,eth,1,2,0,21000,ok
0x23ecf7e5102c92b407af415f9b81fe6712e9b1e6893398be4a89b594dd2a8af4,eth,1,2,0,21000,ok
0x7a71b65facc3cdac2d44d4ceb8644764aa6a847ebf6ac28ab1ca9b2496c0fbb4,eth,1,2,0,21000,ok
0x3f1d55fbff540fdf38b3c00a1e2b644251b7d4bb9d73e26eded2d6de47958608,eth,1,2,0,21000,ok
0x1d22b16a307f10855f010e3ae519211c9895f73f46c70e2d207242bc8b5dfe5d,eth,1,2,0,21000,ok
0x2892e642d0733491e944bfaff021986f0e47619bd03d5046155926985b0cba5c,eth,1,2,0,21000,ok
0x0dffbce08f82b7ca52f279b6fdb15712db759ca8d6d68199f96689ba8c033931,eth,1,2,0,21000,ok
0x06a81af8a4bab8a37fd1423fb66a40e7a175f4d0453e67700e94bbcde60207fb,eth,1,2,0,21000,ok
0xf2d75cda5daad769d77c1d8226519662d4c3ac39935caeb096b0a00a84b73597,eth,1,2,0,21000,ok
0x1f054928b5c15b4e41ffa00b24fd632f67eabfd64ce9c3e07158e53aa477d1a1,eth,1,2,0,21000,ok
0xd2eb12d86dd88a0dd5f5fd5406868f4c3c5d9c483ad8b34bf0de61c509c9be28,eth,1,2,0,21000,ok
0x255ca2d0b3cb7d819263b50cb448cbebfca956fbdaad0299e9911f9f96b6928e,eth,1,2,0,21000,ok
0xadd45ab881d76d6779f08a004ecd82c2b7921508b5378dce3bb751659df033bf,eth,1,2,0,21000,ok
0xa1e3482beda9334f6fdf2800a70caacc405fc441ae75b1d59f316f43d0d35e3d,eth,1,2,0,21000,ok
0xe7e6f52a6ec9ba4e90b10dbd58a1d5987f6513b5274f1dddf749c8b014023582,eth,1,2,0,21000,ok
0x713baadd591d5af9907c01b795cc4be3913c50fa846d8424e7d515fc4869bb39,eth,1,2,0,21000,ok
0xc937226724d3b31b28d2962fb7d1be5675a7c643e4e4af96188dd03715f13849,eth,1,2,0,21000,ok
0x790fcc703119a2712ecf9aef2a20c1c862abc7627b481e3847ea5e8d2d33d018,eth,1,2,0,21000,ok
0xf888376bc1ad94d0804aa6dcce808d03b374f5947a5ccc7217b7f87660296fae,eth,1,2,0,21000,ok
0x9b121c4b65553fc6f504daf16f9d1ed8ea5efe41cacffba16c37483658302d12,eth,1,2,0,21000,ok
0xc374f2589f702cd779ffe4f281d4477b3b0e5aa7bd639b47d55c10fbaa65b2e0,eth,1,2,0,21000,ok
0x6899157d1953a3bec640d01bfd99a44675f3ae7a47c2360fdfc98c562a44927d,eth,1,2,0,21000,ok
0xcd947ee7ac2acec48183aea7c45870e5acad6fbcc9ddc60c86890a01293de71e,eth,1,2,0,21000,ok
0xda65015492a47d31e1f486617833328d77996fbd361faf4ffb0a33bbce0e0d75,eth,1,2,0,21000,ok
0xaccf4708240b97a2a5fd4e760d8422a510056fa92e8cc76ccd5372d936d584c2,eth,1,2,0,21000,ok
0x927e905eb7f798d7f3e5c91cd9a96a997a709ecefb2fbb064b8c96b2fa4574ad,eth,1,2,0,21000,ok
0xace72fa41f3f70ba05fbc0c842a9093100f95445ff7c8e00fcc8ee55b715a9b3,eth,1,2,0,21000,ok
0x232510d5ab5b9a0b744566c0d5047b600ac949c4eed342db60dd88ec4fcb9642,eth,1,2,0,21000,ok
0xbb8338c486a9c1d9c3cfb3e6c53a1790ec13b269d3e7863e51f594d72f17a113,eth,1,2,0,21000,ok
0x4cd36f80cfc96c942ee0cea742b008600c5ccdccf29028d76fa828fb7ba44a67,eth,1,2,0,21000,ok
0x07569a741538d8390a017c4d3b0077c9a077cac20beb03832c257d53b7e47d1b,eth,1,2,0,21000,ok
0xd7bf4f40c0d7440b4b4f69d9627de5a265c28a87dcab939c82378d4ef036b99a,eth,1,2,0,21000,ok
0xd0996c025a6d4164b56ef53610bae991abcf61177a9d883e4d42124defa162e6,eth,1,2,0,21000,ok
0x4456568aa100516666f654afb3c5802a7b2871a928bd88ca0fc1ae7929839ec6,eth,1,2,0,21000,ok
0x54d6093e23c6a24cd830d96c02dc6e7ed6adb3920c6e26befa4b1d638830ef8d,eth,1,2,0,21000,ok
0x7f3cbda19f9013dd7810a76898102c6523bc551dc7658bcaea6b5af730b203de,eth,1,2,0,21000,ok
0x6f407eb7a3e9ab6ade29017bfed892166edbb3595e790fa655c3967d6dd90af0,eth,1,2,0,21000,ok
0x71dccea67342255a187df3cddb53ef8d5c7b7912087bad87f65ed44e070a767f,eth,1,2,0,21000,ok
0x79eb75ed8d87ab6412a37f5cc103d53f56d18be0f6f247a2233c00ae963cfd6a,eth,1,2,0,21000,ok
0x449185103dc2ccc1adfdc69636581c5cbe31fe75ce090858b8dcc17b918dc38b,eth,1,2,0,21000,ok
0x656c5fcb2f5d3f86e38344bcaaca44804a2b108f4c15440c8a709e4d81133dbe,eth,1,2,0,21000,ok
0xe3f6b61f70b591453fa97b2ce946f39f26effbe03f06944aa9a24214981a97ca,eth,1,2,0,21000,ok
0x6a4f6bbce00e366227e3ac074fdafe9d3d5960ef5d0535b313fda4266d323a59,eth,1,2,0,21000,ok
0x7c78aae6ffd88242b135d0c05e49ec7fcf13809b748c4d5a884ac2817f93ca62,eth,1,2,0,21000,ok
0xdc13a8ccf597df6407e2141c035eb2319201238339496c552841df4f617ee026,eth,1,2,0,21000,ok
0x6f770b96c72ce5c5e73c9d999b42e8b28db841c5163907f5a797b54cc0becfc9,eth,1,2,0,21000,ok
0x11496cffd92bf5e7df88f60b1a1b29aa4f6162195cf1c9fa89d243ed9f04a618,eth,1,2,0,21000,ok
0xd1416432679159853a71001a2ded806735071156db6a7726d5b5a3573fae5893,eth,1,2,0,21000,ok
0x0290e5460e6952f0c32c049edddf62193b3f01bee4579fb2757ae8107ad03f67,eth,1,2,0,21000,ok
0x51671af145f95e2cd7d236a7705809d78c9be3c7e4c0d1ac0430c25577be6122,eth,1,2,0,21000,ok
0xe40700db00eb4b190d17259145b32f8d76d17bb285a2ea6c8fb31bbe5e7dfe6c,eth,1,2,0,21000,ok
0x4448ed15e18f535a9317a6a502f62aafb7f15b777761fe6dfd76b8436ccbbdf3,eth,1,2,0,21000,ok
0xd584b7feb3a32f30050ee875842f0ba26188d7c6815f6c473c3f612e6f33dc74,eth,1,2,0,21000,ok
0xa72417c8068f0a74bc84d9524331999dbb2b9bed76f27b0556a5ca70830fc2c7,eth,1,2,0,21000,ok
0xcd733908d0a39f364cfc29072d9ef50225cbcea8ef3c721f54ad2d45eccb170c,eth,1,2,0,21000,ok
0xe060a6416136054539e9d7efcd9cfc00d373480a2d3f33ba0940de0f4956c8df,eth,1,2,0,21000,ok
0xec8e0b7d2ac30589f9f472f13440a6f1f52ec9e94afd063e3f703080a7e31bcf,eth,1,2,0,21000,ok
0x0b7030b9002d19c81f96e0ddd9fbdcb06ae3c0f8fbe9cdcdb86a5751e7ca07e9,eth,1,2,0,21000,ok
0xa17e2fbbebd9ad7d4848a383941d5588eb79f5716927fa5bc90e634da7eb0a71,eth,1,2,0,21000,ok
0xb7ff4a7402e61132a281971052b7b7951a0d0c3ecfb1e446b65d8422cf72dc17,eth,1,2,0,21000,ok
0x7a4e9c85324bf016f9d074a5a16c90971b0bee3ae417d75857bfaa91758faead,eth,1,2,0,21000,ok
0x498d0520e359ee1c73832d5309a71912a8027c8c1c4bdbbfd144a9b9497a25f8,eth,1,2,0,21000,ok
0x355b1d19809125046ce01ae193ece6dd9025b166e0155ecc04af41413d4dc7bf,eth,1,2,0,21000,ok
0xf4c685094bb540d39e43806418dc6a53749a41548f7917d5650d204c543ede20,eth,1,2,0,21000,ok
0xaf66e22b1968c4e322b7d87628cb4a01252e571602268c465ae9957a13d9c379,eth,1,2,0,21000,ok
0xe29280a1f427a33e81f264ec5e70be447aab16d479598f82b6f87cfe9fed8a8d,eth,1,2,0,21000,ok
0x8c3f1dab311de7ba4fe87c63b62f4b54c12b08f75d6a05c64504c59801b3c5c0,eth,1,2,0,21000,ok
0xae8fa9879f17702c413c4a82891ca337a10b4506ff5c2b6f4f943a98a198c43e,eth,1,2,0,21000,ok
0xda0fba16c45d1c26568939932e860be1d0e299c62ed6b03a4f0bce6434d23dc1,eth,1,2,0,21000,ok
0x9566e33848307c0b5e5b389030bce8086c7a46eea413362208f151a66ead699d,eth,1,2,0,21000,ok
0xed32eb0db40a0af22ac4616bca5aaf435e0bfa3c82af21d45598326c024604c7,eth,1,2,0,21000,ok
0x07350a08646c065c65476f447c3f3aef432705b5f13e03cd218e2da5556a5052,eth,1,2,0,21000,ok
0xfab2fc3add863c5b23e281c8165f48d2c5df7cc7fb946d180f5ded08204c4a1a,eth,1,2,0,21000,ok
0xe33ad7b60a8aa5bbc17ea2d4693603ec9975a3489cc16d69f180822e885b1f35,eth,1,2,0,21000,ok
0xb56d5208c93e480edd04e9b1ecd901d72b343293568037498989093c258dd240,eth,1,2,0,21000,ok
0xed38c812bd694f1c31d2289eeaa3868c19445e672cced3aaeefaac79209cc7dd,eth,1,2,0,21000,ok
0x1fd55360542c797e72aa51b45e4b082aa075db66f7e8fbda7d67be2c7b5a6257,eth,1,2,0,21000,ok
0xe7b86c48698bb4ddb71d5db71d6f47935b6170a0f6b4b4604fbbf7edabe09111,eth,1,2,0,21000,ok
0xb5a64b9dbb587479bf66699f109100d7eed0f07db5740d13668d98f414acaab0,eth,1,2,0,21000,ok
0x60db2ff61a0c7c1df79ffde5e8246511894184facbf2dd8ec3a35f86e4f5204e,eth,1,2,0,21000,ok
0x6494169bd455479aec2036f82ef37d2b0c75b65ce2d677fbf9d3d296315bf705,eth,1,2,0,21000,ok
0xbe5b0a6d8598e4c1b2e53a671aa3b1b91769d8ed2fb7f83ed315f9c4ff7f423a,eth,1,2,0,21000,ok
0xea3eab4512b19361210dcd6d19154456a9a5bfb3aa31f2a3c187e14b39f341ba,eth,1,2,0,21000,ok
0x17540852f7990eb8b1285a09c1cc9bca208197d4e4659c002c7853fde0ecde1a,eth,1,2,0,21000,ok
0x1d4a0408f2afcf2691c700e70db3a8ffebeca7aecca6453b492055c9d5178199,eth,1,2,0,21000,ok
0xc217094b14de9feb7bd9ee3e59e43658ec104da07426d0c5de0fc8a56453a0b8,eth,1,2,0,21000,ok
0xe3856b2dfb5d9cbedc0c5396b9b2ee2a069579c9d006435e430a11d800246629,eth,1,2,0,21000,ok
0x8387f3fbdbf2d2a49a5149ef62f369e733f5a032ec2fec7eed0b67efb25fa536,eth,1,2,0,21000,ok
0x7f669dab878a329ed6a992eda033e62c66267a37a4d968f27a04e81d63850ff2,eth,1,2,0,21000,ok
0xad8f7199c3da4c830924b1796d2228e9d5fa8ceee5bd1dc505386eb57e1231a4,eth,1,2,0,21000,ok
0x2747ad448e767f244f5379cd7fb382920e53e0dd11aa7d27560cf986f5546490,eth,1,2,0,21000,ok
0xc03a1bde2eb500eb90e4bf92f53c4bb5c64723ffab25fb6a2b0b806fc9986d7f,eth,1,2,0,21000,ok
0x3da187e77b74c8024da1a94faae282e8429ef4e0f55e96215fe70040d3e19ba2,eth,1,2,0,21000,ok
0x31f2a962edf05b8497790735eb1adcaef8e09a73cdd12179dec662466940b4e2,eth,1,2,0,21000,ok
0x9445441ae6b7ba9c57f7c000a9334a4b01004f7983786ec32e5088bed6cef413,eth,1,2,0,21000,ok
0x7389ddbb82a512b058bd4e47ff55e30f01b1b54d434f29d8ad1eafbe8de84640,eth,1,2,0,21000,ok
0xe07459e8fd2a98f26a15d11ac060b3e0a98b571bae91794bbca672c5b935f750,eth,1,2,0,21000,ok
0x13c7e1eca08fb058c1ae974bdbddb288fb63a9fab03779eaaf639d3f95e6d6d3,eth,1,2,0,21000,ok
0x0433bb423e9b8ba3f4ba96d0106a8add54470b8ed1c8f7fa99768bcbbc94477d,eth,1,2,0,21000,ok
0xfff75b66ad653c4a3b8e2186153766a0d7385d64609a0b46411074737f40a028,eth,1,2,0,21000,ok
0xf5f37ea020fd065c3577730198997592c658973963c353cd813ffa5bea833e0a,eth,1,2,0,21000,ok
0x968a62b74af2adc370fbc8b9240a4f96f7a2101269bd02de5e68e8ffc5a64a56,eth,1,2,0,21000,ok
0x3d3d95068725a295a522f075c021561c361f74afb2862bee7f51433f88eb73f2,eth,1,2,0,21000,ok
0x4ec45f115f41d7142a0836722f7140bb7475472a23a2d1efd190c9e5b2b9394a,eth,1,2,0,21000,ok
0xd64f85ef318c46f3a086548e612f1c29d69faabd48f667434c416df994f7fc79,eth,1,2,0,21000,ok
0x74e92bf1012689a579ded07f15600657b25db3e02190a38106c07d36b3721fa7,eth,1,2,0,21000,ok
0xa1c029cb84297cad7ebdeb43c4f84b81c829da84c70c06eaefe067b6a0a08573,eth,1,2,0,21000,ok
0x9c88b4d815f35fe02faafced234481399b9f48f5d5c7feaeb42ac4efa5cdd16c,eth,1,2,0,21000,ok
0xdfa7751e419a4da272987a9a718e46c91eaae16f5cdf069d41af83ff5727190c,eth,1,2,0,21000,ok
0x685fa4fe0abcc66c319db5c099ade6963ba9202dcf297d470b91be04ea59d48b,eth,1,2,0,21000,ok
0xeb8ab1499d98162e6f5cc8bfcb67c7496fdd02ab4cb980b433ed6bd81618232b,eth,1,2,0,21000,ok
0x520cf8e8aef65ec57cea7096d7c3bbdcded954a5365455837502ae806766f021,eth,1,2,0,21000,ok
0x5b168f930d83b7bde61cf2c35e496f8caf88c38cd85b84e8ab0d04e0ecd7e24c,eth,1,2,0,21000,ok
0xd5128bc3710bb51f50da3003a9b0e731b2dbad609b87ba7c448f46f27b90f20d,eth,1,2,0,21000,ok
0x83c5068a63838c5cfda947c2cffac99b4e13158eeb409cfb785c816e668aa12a,eth,1,2,0,21000,ok
0x7eb6958af7a48a6079a4be77111acd58f283004d2963d2b14e5b1901338fffa7,eth,1,2,0,21000,ok
0x08f17adf80955924b3f40fe284eb57195aee9c35fe626acb38f1eedccca01b79,eth,1,2,0,21000,ok
0x98ef05b872a2478793a591decfab0d1c8d79aa46917b4709cd8401a69a19cee6,eth,1,2,0,21000,ok
0x0b9e292186847dcc2f216992bbb2cfad4db451ef6c32ca9dc83fefe8b38f5c60,eth,1,2,0,21000,ok
0x08d222b501023d0ab750a33d269fbd435bf5ed7ee6ea9d3af9bf51d8bb230692,eth,1,2,0,21000,ok
0x7a257a03bc4713a746ae687c612b7af09b9d74947f0d6ad6a734153e52a484b6,eth,1,2,0,21000,ok
0xdf96def3a337b8d0cda3b680c440dac8305cc915d39e2041da0c36eb8309a1a0,eth,1,2,0,21000,ok
0xdc8e7ed3ad647627007f41da261a1fda440dc53e53a521b90a9a7d5d4b6807bb,eth,1,2,0,21000,ok
0x236c2f2643073d973ebf09d9248eaa5d266541c388911a8554e2cdb38f1ed297,eth,1,2,0,21000,ok
0x5b6568866777e162f7c5b7bfb8653bf7d53edae3ac87672253438460d2d52dc0,eth,1,2,0,21000,ok
0x735f62ac33af9af22b4406d1dcc95803ec3e6739c2836fd2f1ae8f4a9f22fe50,eth,1,2,0,21000,ok
0x8c99baa6b77966c3822d8083949e0350f0f31f0facf1bae5e5db8671762ad2d2,eth,1,2,0,21000,ok
0xa6037d17800d93ece9b8f4abf69b1f6902b41290183d63d3ac6634b165b05613,eth,1,2,0,21000,ok
0xe8a3c5ba0c8ef490ce8beec297b09e5511f0f2606252ade7a0018e94b6761e8f,eth,1,2,0,21000,ok
0x5632d277312db5f01ff742eb130662061d6cb78ef56bed407d2d5365689d08ee,eth,1,2,0,21000,ok
0xddf8ad956751b933db8f11b98c798d6d36eac88aece60128a2ef60c9817cb5f6,eth,1,2,0,21000,ok
0x06391ce0ff061132f61a09dce3536b3c37bd31f9b2b05488c3ec8d14e30205e8,eth,1,2,0,21000,ok
0x473964c184eed122abd9a05ca2f8b9e76a34c65b063297a02abdc2d9a4bb8a03,eth,1,2,0,21000,ok
0x899b7cc01bbc1441cdfe3919b469b499b44bc655b32415e88194e364b748e8a8,eth,1,2,0,21000,ok
0xdb66c71d7a1cacc89aa512f5847ee845587acb145ff58c5c20a32567cd151408,eth,1,2,0,21000,ok
0xc139a86097f5ead0796087404fe5c1b3b1751117c25373bc10cec2a65ddbc7ab,eth,1,2,0,21000,ok
0xbd869f21cffac3366cadbf070b006df2a4440a65ec6cbdd56acc3af4ad3322a9,eth,1,2,0,21000,ok
0xfc44fdcefef8c3a1a08ffc3ab534a1c92e687649d4b589b49a2d93578bb23d24,eth,1,2,0,21000,ok
0x44a361ad6756733c42141114e589211cfe2e29a87efb5aeac8a5d516f2fa4eb3,eth,1,2,0,21000,ok
0x19ada3dfd42205547e4f6c7ba72473b77f9b2b9e5ba685a30a1060fcbb9aa1d1,eth,1,2,0,21000,ok
0x93e4ea14a788cd32495f4509b55729abceb5f75ea4c3ae734bf6db6a8d5dd1ac,eth,1,2,0,21000,ok
0x9e52f582e8a159a27c6ed7a6100e82c85cddd5fe7226d864f7b1042639d02b4d,eth,1,2,0,21000,ok
0x6f09e08fdf192f518732810f965718ec5f8a07f086da1fe64828da1b6d823df9,eth,1,2,0,21000,ok
0x4e2455c3f8ff455aaf043ac7d498e4fdef1b5ac3725f1ec909fa831682991e81,eth,1,2,0,21000,ok
0x03e4e3445d079995b8af2a43b0c3451d30db0a52237aa26bd59ba241d4979f7e,eth,1,2,0,21000,ok
0x4516e486c29d71ac7c5253ddd2ae0a8c3f5d76682dab7aa3c00629cc43c52e4a,eth,1,2,0,21000,ok
0x6e74797ae95183b6bc0f81cc15173319d57be82e9340a092fc209985fc351e13,eth,1,2,0,21000,ok
0x91e06118c64c886ab23fca273919b5f58f753afa60f045e26bd753bf8915c403,eth,1,2,0,21000,ok
0xa74d24f8b9ce9c8db1b100a950d47ac97128bfc65f4e10b9c3fbde142c9ab093,eth,1,2,0,21000,ok
0xc450708d85a6260c494baf1e33fc09eb4560d242149627e08ca1c8847ffb1569,eth,1,2,0,21000,ok
0x1a0fd0fbd5170cfda2f8485200c1a6d88a1acd34aae13178af50cb332163946c,eth,1,2,0,21000,ok
0x346856652ab1b041e4e66cc5c4e9524c46932ca31376c3798fee77ec94691d16,eth,1,2,0,21000,ok
0xe5c456855354837bc9da0d8f03533680ba0f767cbe7593f3f1e4967a41a06725,eth,1,2,0,21000,ok
0x6dbe53dd5e47cdf8538262866002c7d4c6effb21ecfc5d3962b62725d19108d3,eth,1,2,0,21000,ok
0xb4c60ba481faba717a6c7174d128a1548377189db67f55aadf34bbbe3b95eafa,eth,1,2,0,21000,ok
0x3c083dcd8a0c84717a7066420b09f9014b2294d57ce92cb14795c25e23397548,eth,1,2,0,21000,ok
0xc5a6d1505ccb83bd4d6632df604b90f96b14881cfd56784d7c525942c28caa86,eth,1,2,0,21000,ok
0x21abae7bec456a7e92351b4be7bf8fe4c510d8a9e7e8f980e7a977a350fa77ed,eth,1,2,0,21000,ok
0x28ddd04420352dc1e9411428dbda0da17d41ebf3cc1a0c89ab8d4b1b3c37e911,eth,1,2,0,21000,ok
0x6033a81cd7144cd9021248108ed044cc78b55838e1818f59a1c8156fd9499dc0,eth,1,2,0,21000,ok
0x88a99f6aa8f20827d8f7e52d8fe02850f529c614efa8a2618ca911712e1258c3,eth,1,2,0,21000,ok
0x55c7cd7449aecb784eed2de85662747dd13f834ddebbe11d883bfe5ae1883ff9,eth,1,2,0,21000,ok
0x8b2444e209f959b0b8412f036822d212b4bb507bd6f7fef6d01350c3625d128f,eth,1,2,0,21000,ok
0x1346b2bd2e76553d4ad8abcb9115f8f79996c035c08e01f851cd039cee738fbc,eth,1,2,0,21000,ok
0x97a1669bced11e0d8f0cef950bd42d71f5ae209233341d897ea0936dde06ca19,eth,1,2,0,21000,ok
0x9c27de58a1eef388b7bd979eee44b824b2c1731ce6768fd7aad724f29aa96af2,eth,1,2,0,21000,ok
0x4aa8e42cf11254909127e4f31958a98b00b6bdcb3a37ac43d1b419dd4a4d420d,eth,1,2,0,21000,ok
0x412af25f04d5ab4438328437bfacdd2582f06a77cd3cd11ba9223c19537935e2,eth,1,2,0,21000,ok
0x9773a02674063cf1485ad9f14e59abae69152e2c1a5f69700db2e51783c12c76,eth,1,2,0,21000,ok
0x35d64c3eff6982dd43f6fca33f12558eaa0a738a5b2fa24b931a3fcefc0416ed,eth,1,2,0,21000,ok
0xc0c81a3809505dfc6f37d2ccead2474a99c6b0f44d6018da404621288c710c27,eth,1,2,0,21000,ok
0xd0ce2ff160288eedc72746b9679442894f5d74a43328df00afe7609dd39ad14f,eth,1,2,0,21000,ok
0xfc77d4fd6388f7595e20ac4bba35e73381ea064f9bc3e0d13fa699452415ff45,eth,1,2,0,21000,ok
0x8cb29aa3dfb662f82878c944719cb4bf36af9d8f8bceee1475e3c51d02680860,eth,1,2,0,21000,ok
0x31fd5e14c0ceef2b2250e46d68da131a75abf1f02ac31e3622b53619e1d4840c,eth,1,2,0,21000,ok
0x1e1797429f6bb4c95e6e1e6f5c86529fc7b13b86f619b71178da363d18d469b3,eth,1,2,0,21000,ok
0x874d5986d278ae5a3437c8e9377024d18de3d5826cc17b22b091e449d0025d42,eth,1,2,0,21000,ok
0x84d315e272c0880007cd64e0857f13b1c4081a5c104be154162e02812c9b43e8,eth,1,2,0,21000,ok
0x562569ff810f124d76061818caa7c1b885673f9864b67dae4795cf6066fcc9dd,eth,1,2,0,21000,ok
0x1fcd6379b7a574dd7e09450e457b0a32623b8f6d9aeb1ae8cf69ac74804a9a32,eth,1,2,0,21000,ok
0x23818f761edea5e398e0273978acadfc3d7d0869f7bf6fe2eb88c2f6f2ceaeb1,eth,1,2,0,21000,ok
0x27a23ecf798173f1417b98f7a0d11e3c0ac02c1de5af574955be88fc553718ea,eth,1,2,0,21000,ok
0x03ffd8b1c223dae0c4eeaa96f7fad33debf5402410aa573c705c1e21b444b5b1,eth,1,2,0,21000,ok
0x397ed01acda79f2f9e6bad984854b248a9d542ed576fd4874288971a917793f6,eth,1,2,0,21000,ok
0x33ce4d995c5a42577375f0fd9b5a96ac067ea3224a53516896785519c247ec7f,eth,1,2,0,21000,ok
0xe512af9933531b43c59fc75c85771109d639bc7321497f058dcff5314512996e,eth,1,2,0,21000,ok
0x2052dd68d00d95a14650bbee8941b228643e28592b519fe03e7f5a774189059a,eth,1,2,0,21000,ok
0x6bbead841b53fdbeced7d48807fa2be3d684915d18f4547aad8b7f2eeea99481,eth,1,2,0,21000,ok
0x8ac579478977965a658dacd0d0b70c6cce7ef86f02de5cae901bb38410f85bdb,eth,1,2,0,21000,ok
0x9c33c5c0c25ab15e012843765d8f1e8b8b65a222babc8de28527cdbe9f107d1e,eth,1,2,0,21000,ok
0x2da4059e644ddbdb831ff87d91aa400c0904dbab1aeffb2cc41f209d2e45711b,eth,1,2,0,21000,ok
0xcfaa96785cc090ff55c6bd31543f42049e100c9595ee07bc62c6c3d6dcf0ca1e,eth,1,2,0,21000,ok
0x120494f10b86447213ca2e3d04496c61f0d3b772148cea7280946c470e04810d,eth,1,2,0,21000,ok
0xb70d0814913ffc6ba6e26ad7ffe8a774227ca1c39649e33148a54658d5ba9607,eth,1,2,0,21000,ok
0x51aeb65e30cb5afe29141407893b44e301507cfb732f7db9065e79dcefdcafe4,eth,1,2,0,21000,ok
0xb08d9ae090efb31ec41e6f95c8476f01b2544bdf1b64cf6f9b7c7463d7cf311f,eth,1,2,0,21000,ok
0xe29e5c7f813bb628adf3b9c8f327fbce5b279845ef89d53a2da712258ce88e45,eth,1,2,0,21000,ok
0x14eb8a655aeac4cf303a7842255bb98dbe0eb795b83ce7e8a94c4965bcb88220,eth,1,2,0,21000,ok
0xa1ce3f94f0713d8bd23836c391bdc1726265145ecdbfe548bdc5b55401674c1c,eth,1,2,0,21000,ok
0x85dab84556445315cb120309cf01d1bace8651dcb08e3150b45bc16d6b97e781,eth,1,2,0,21000,ok
0xf940bda7c3373577cd2596537a86d86c25ab603f74b0de905e33f79bf0f57bab,eth,1,2,0,21000,ok
0x30e95180d14210c666c3e0e2f621ce17df828f3c84592da8d7f16807e1fe3611,eth,1,2,0,21000,ok
0x15fa85afa39a1b6b73528e48be5a0dd9c0b0572d5a7bd11878df052d50108c5e,eth,1,2,0,21000,ok
0x04a4925ad90e6e6c2e844659c2961e11d7622354d79e7729fd7d0409d112ad84,eth,1,2,0,21000,ok
0x7a338b4fea5d1425703779cd80bbc23eeff23d377b285ce1390f990983f9c43d,eth,1,2,0,21000,ok
0x7cf57fc2f45bc7fa517222b6d28c1b6814154c6ca9c48a616d0f007405becbc0,eth,1,2,0,21000,ok
0x671135e3706dc67a21629e6d21d6422cb1aaac1bc2502dc1279cd7ae8f2277e6,eth,1,2,0,21000,ok
0x81afdba013289000f7d22dd0c151773ec260f2ade05a5e23d0afd7260944af35,eth,1,2,0,21000,ok
0x19483d30e10cfce52fc79c19bc6563d18604ad7b73865f14a3dde0a928cb8d0f,eth,1,2,0,21000,ok
0x35354a4b9c326ff87432bb7a0cb9ee0312ba758423a6c71bd88207147a125afa,eth,1,2,0,21000,ok
0xd7f3edd69fd24972ad1a7a249e4882dc3fd3b3f67727d2678647d82fc6cf7b32,eth,1,2,0,21000,ok
0x46a226ad99b54e7382ba09bee69a44fef58534cfdaa26739bb945b1cb2d0653e,eth,1,2,0,21000,ok
0x874d52f337b797ed8e39a520792a3ec13740f5f8b9305bd808f636fd7108a272,eth,1,2,0,21000,ok
0xb3fccae0b1af243f0cbea01ab75b632feef5c3be4da6556541da32a02d9970db,eth,1,2,0,21000,ok
0xe600f25e620879c690e03b77c7ec72e931ce5f131ce3bbcdd163e8d2a1f2f5c6,eth,1,2,0,21000,ok
0xfa7d85ade4963b80bba61c7e2fb685902a9576291cd7f39f369d0c62e59e8470,eth,1,2,0,21000,ok
0x2ac45732f4ae48e1fdbca91ffdee6da97efcb93cf2eab47d029531a8c5b2a6bf,eth,1,2,0,21000,ok
0x6fadb993678e7659dc60fe5c8946aa83015420638f381153084de797c19922fc,eth,1,2,0,21000,ok
0xdf4f7f14888d1d6071b350b8e0349f1d9735b0d3e96141e3848e8dbd8db49bf4,eth,1,2,0,21000,ok
0x47e9c42745b92932a538e1a4bd2b59032422c530030ad62322436cdebc4fc120,eth,1,2,0,21000,ok
0x21940e776f0ed74062ac0510832cff2d167f830b144e006e98f965432d0e3d2f,eth,1,2,0,21000,ok
0x47821cccba69c07cba8ba22f0944f89d7ab7d7eb301017e0879e1cbb42a113da,eth,1,2,0,21000,ok
0x7d5c2d06610645343c74e84ca192e5a9e9357d580527ae2e2c8862c07a6e9534,eth,1,2,0,21000,ok
0xb851ed96febf47d31ec6f00a02716430ab0cedf90ef6642c1dd2af8df95497f3,eth,1,2,0,21000,ok
0x6628da98a7766f6059fb2c9d1e5316923a1db4ac8af73ea2a46a1889125e45ef,eth,1,2,0,21000,ok
0x1890e66543b1d31fe7ec5fb46e11d172ba2dcf1bf6ce927921219a97ef43afc0,eth,1,2,0,21000,ok
0xdb71bf60dc23994efb33a55e30d92c0b192b1dc6ad40c9e27e35b905904b9e92,eth,1,2,0,21000,ok
0x83e1c30874c3d3215c0c3d4178216f3b0f878283423e31d636f02ccfbaae4f79,eth,1,2,0,21000,ok
0x84adf5a0113675b79d19f73786496e26aa5d4ba95a423acd276564ec9c8c7798,eth,1,2,0,21000,ok
0x5ddf40691850224f8043d1724c5173721ede808a12d3d0d773ee51f0d6da7008,eth,1,2,0,21000,ok
0x06f0c172154198f42732d44c0c365d020638318f57c62cce79d3a957f95183a9,eth,1,2,0,21000,ok
0xbb3ae288167734fa7619cb8e8c12308d1667ab9495876f309085a848b722d5c2,eth,1,2,0,21000,ok
0xe8357f855bf1e26afe9bc1e3b78c32ae522815b20f04cd448ced410979c596d8,eth,1,2,0,21000,ok
0xf799213ed416dff6d074de208d34c7d57d0cd254497a3aaa293e9e6e831b491f,eth,1,2,0,21000,ok
0xc49a0ea0ccb0cb27e04e343044d1fd77598959cb641084153c1e21fbe4160543,eth,1,2,0,21000,ok
0x7a4c99c6b1c1cbaea4329834ddd61e8fd9a597739b88406b7c62af7eeb6f22b2,eth,1,2,0,21000,ok
0x3c2c2c36a75aa820d6981f4a0e251780470dd993ada8b40fb72de8255159d597,eth,1,2,0,21000,ok
0x43d085eaa452b20afde24a112b8cb9ba87aa52d189088a8f1af5981eda78c3ea,eth,1,2,0,21000,ok
0x7b9b996b9584a1a0138200e92bd70f91ef4478740c1a6eea8bfb27c60b153fcc,eth,1,2,0,21000,ok
0x940c5cacbe483fd7d92fd69de54b7f31afe7ae7b980498bbf39a4c4d69dcc073,eth,1,2,0,21000,ok
0xe1fa38a844055e1db37b6d69174641c8a6c3596e315e35e2b131dce771f73094,eth,1,2,0,21000,ok
0xd6d469e8c20b85c5e66bf49d20ec53b63f92b1611c26eb82e4ae8582793c0a2a,eth,1,2,0,21000,ok
0x6160f050864283ba0f7a2d2b866d35b65086c82fb137ec5a40d8942d6d182d35,eth,1,2,0,21000,ok
0x3f602858498d44a3f188997b26156b91effa2d6a36b727b7396ac5daf67132b6,eth,1,2,0,21000,ok
0x0615cb86f646c793aae2b35e6179f42815b71b3ac68e307f98c6926c3c76b367,eth,1,2,0,21000,ok
0x4e52d11bef7c8de81518d7e09b17dde900e838e658b308d628e9727c4a40fd69,eth,1,2,0,21000,ok
0x911a2ee479f412d529977a6b85827b7274fd4ee8ae726165bc10d7e8d7d94f6f,eth,1,2,0,21000,ok
0xdc68c9eeb498b43ddbe3151def2619739959709d36c16427a4370319206b2518,eth,1,2,0,21000,ok
0xad74fcec2a4d338a08305b4eea9ff955767edd55f33317999d4297f5772797fa,eth,1,2,0,21000,ok
0x9cabaab5817110cb8af4f6d5b92a37dad5ccde1eb430b5124f43e10c57a47b35,eth,1,2,0,21000,ok
0x6146edae02f9112da6e1c2417a9e1b24f231491b7f78bda1948a42f094bbd011,eth,1,2,0,21000,ok
0xa570967082d934e97449ff93631a43f2a2ce92f68c4296fd33ee459c801f93da,eth,1,2,0,21000,ok
0x36a09e17fa6171f8e1caa375e643e00f6a0e7fa04ea117c0a805dd724f823816,eth,1,2,0,21000,ok
0xf3bacf8678ccd0447d981ad03ee7564cc83129d8d2588ca67c213e7e85009e62,eth,1,2,0,21000,ok
0xf8c64096096846e0fafb4d3d0ae644c2cbc8d226ce8f106ce2ce41b144569a87,eth,1,2,0,21000,ok
0x6927552950a11e1a8f9bb3fcce3a6b331ecacc5ddc2cb0a240faeeace3978142,eth,1,2,0,21000,ok
0x40f2b5325f7c72a7cfb0ec92a8c996f0a50d79ebcf0cf64face6ba16f02bc3e0,eth,1,2,0,21000,ok
0xfcd0113c4c9b3e9a6717b73bd412bbd8b5acc68ed48b58f5ebfd414946a9db08,eth,1,2,0,21000,ok
0x3b0b3d48502cf800e3584b411db4cbbc9a569e950c8157e697b3183fc0c058e5,eth,1,2,0,21000,ok
0x097a8a60c30e7492e3b7745c34004487e28f6a165ecc7fb0623fa280e3d3147f,eth,1,2,0,21000,ok
0x0934bb09b9ca9d25f2292f26b2a72529fef8363321213b86c5438aa70d2c8361,eth,1,2,0,21000,ok
0xc78c05ff586892f1598d6ad5eaf21da57d2470a707ef43fbb6fcbf570ea0eef9,eth,1,2,0,21000,ok
0x006ccf7572a6df3288915eb0e41838c02fa15751a6a4edc741e5dc20296cca87,eth,1,2,0,21000,ok
0xbd52908316d119b1b7ee50341499d85911d8430d3cc52034c03e5e4a00b3042c,eth,1,2,0,21000,ok
0x9a53af269720abb4a4d8a921b6e7360934654dbd63d79e98c8a2e8bb9e468fc6,eth,1,2,0,21000,ok
0x232bae2be4750f1daa451cdfa6ce711d633e4ed9f60acf9bae9d7b6a08ce9ae3,eth,1,2,0,21000,ok
0x5e056109447d01adb20a11449a149853d2350beb9e666a1ee66cb40ff27673e2,eth,1,2,0,21000,ok
0x4909a2574228b9c8d105e9be24704739a15ba02ff7969ca5c304284cdfd780d3,eth,1,2,0,21000,ok
0x79da0f8f1bd582e51906b5301a4546784e19c1541b8001f94720fbcba2454876,eth,1,2,0,21000,ok
0x3e5c0b6bd65baa25878769c8a41cef4a0fdd391a60b9461fc8214015e8b35520,eth,1,2,0,21000,ok
0xb059a3c837d0949d1f8fd360af465ff0fe72508acc66211269cde17eaefdd689,eth,1,2,0,21000,ok
0xc42092b2e7aa1d6558856dbf7bbd21b556a7ec3173104152f7f94d5b0f79586e,eth,1,2,0,21000,ok
0x2934010ace41023d9c301c3eacc2822bbdb3fac292a3371414f1cd4ee212d3b5,eth,1,2,0,21000,ok
0x1a9d178f6ab91214cda4a72d3083305cc7eec1bd9982bf909da4ffe1ba52ccef,eth,1,2,0,21000,ok
0x4effdff78b0364e54e22e5e21b38cdacf6b0a38840cf23c5678780a3a4acf552,eth,1,2,0,21000,ok
0x4b38c129dbbfce046ac01a982b6c49b05d2a862007c5ddcbeac301a7ee4c71df,eth,1,2,0,21000,ok
0x14afadc2541dd56431acaad0cf7bce639074faf54a58c8ae70b62c4f953de708,eth,1,2,0,21000,ok
0xd00c8d5e18cb846328e994402c2fd40ac5ce2d6c3d68d68235c1e09eeb828516,eth,1,2,0,21000,ok
0x33fece56d96531854c5636c7683473cacf199b7a4d279844a548c575e14fbf9a,eth,1,2,0,21000,ok
0xdaeb27f13975deb22ee8661e1e5134824b656137df86ef5af95d286942fdc167,eth,1,2,0,21000,ok
0x1bb08523c19bb7419ac5b0d97100989c941b6e6db7f891c6b666aaa768ef537a,eth,1,2,0,21000,ok
0x65116b14bd365aca629d91bf716d7bf31659ee2fc8b5add739df078a9e63864b,eth,1,2,0,21000,ok
0x91cbe0a53d5c58c608c4a02245e690a298c30447df1931617b9c3b037593c937,eth,1,2,0,21000,ok
0x0ed653f280cd7ce90ccbe400603554002c0c2e70b508bb2c0c6e2c7f9f990342,eth,1,2,0,21000,ok
0x9aaa61932fb20edc38d027951ad78f5ce9ff2449dff502999cebcc67568b6f40,eth,1,2,0,21000,ok
0xa3d49664cb9819eeb7a43e54b76a7290e90f2fe09f4e392086dda81f4aec0c01,eth,1,2,0,21000,ok
0xe480100571d2d43046e39529f05064a7927892f5d959ae3dacec20d936982e8f,eth,1,2,0,21000,ok
0x7012f07e3a7d5374014cf2cc103d48106ce6983cf1226be2ae70fc7fea2160c9,eth,1,2,0,21000,ok
0x7ba7713a76d39d4b56a10cd5d68d7dc52becf689fbbe7082490802fee113decf,eth,1,2,0,21000,ok
0x641c2172410c82baf6005ffc2897974a3e0674ecafa5a3e5eb08106d6b0b258a,eth,1,2,0,21000,ok
0xa0c6f15a0b3c9ea7fdcaa38fd88ea66812dc0883619601495fa200a7bf975f07,eth,1,2,0,21000,ok
0x2f767ccc2f92c7c45f5f96d8544bc2bf36d9f995f5612b9cd05470970b9512b1,eth,1,2,0,21000,ok
0x0c5655f1b0087808d0f39f39283cacfd35501a2b9384434c96497f030dfa81e8,eth,1,2,0,21000,ok
0x077516cacfbeee8b7cc0a314a04b1adda738c45a518a5a8a531c28b29d5ab612,eth,1,2,0,21000,ok
0x1dcbc91708d13a5eadbc4b128fa5ef20396c599bf594f56ba95eee41610afd9d,eth,1,2,0,21000,ok
0xdd94f6f7dc09c23eee6d6224f8eca85323acd026433ea0a48a3ad8a6e55040d2,eth,1,2,0,21000,ok
0x830ed1d0e15cd0e42abda229f65e2125ed6b5ca90ec80ed1e61dd7c1ca18ce35,eth,1,2,0,21000,ok
0xdf41a44a08be3d7283ee7ec7fdde280786d37ddbdecc1b63cacbaba2e9e25415,eth,1,2,0,21000,ok
0x8af6df102781e741eb1c0049ac88990e90f7fa8e9227a6975af81eab8e94ae9e,eth,1,2,0,21000,ok
0xdd2bb6bf8a57d65c13e8cd903259dba151165ba01e49ce0d83fd7b43dc1bc4cf,eth,1,2,0,21000,ok
0x652792214fd342d51a211940240cee867554631c644f9107e8f5041e937fe272,eth,1,2,0,21000,ok
