candidate_tx_hash,candidate_chain,source_chain,supported_chain,incident_id,title,vulnerability_type,source,validation_status,merge_status,merge_blocker
0x09105b771ada0c66f48786260929c0967fc822e037904ced6eac61284b6992d9,arbitrum,Arbitrum One,True,2024_01_citadelfinance,CitadelFinance,Price Manipulation,huggingface:akshaynexus/DeFiHackLabs-Dataset,needs_manual_or_rpc_validation,staged_not_merged,
0x0e29dcf4e9b211a811caf00fc8294024867bffe4ab2819cc1625d2e9d62390af,arbitrum,Arbitrum One,True,2023_04_paribus,Paribus,Reentrancy,huggingface:akshaynexus/DeFiHackLabs-Dataset,needs_manual_or_rpc_validation,staged_not_merged,
0x32dbfce2253002498cd41a2d79e249250f92673bc3de652f3919591ee26e8001,arbitrum,Arbitrum One,True,2025_06_stead,Stead,Access Control,huggingface:akshaynexus/DeFiHackLabs-Dataset,needs_manual_or_rpc_validation,staged_not_merged,
0x3c6e053faecd331883641c1d23c9d9d37d065e4f9c4086e94a3c34bf8702618a,arbitrum,Arbitrum One,True,2023_05_jimbo,Jimbo,Price Manipulation,huggingface:akshaynexus/DeFiHackLabs-Dataset,needs_manual_or_rpc_validation,staged_not_merged,
0x3e0eda1b16003a6bbf05702d0b0474c698229478dc3cf66aa0f56dcb3d4df98f,arbitrum,Arbitrum One,True,2025_08_evervaluecoin,EverValueCoin,Order Manipulation,huggingface:akshaynexus/DeFiHackLabs-Dataset,needs_manual_or_rpc_validation,staged_not_merged,
0x44a0f5650a038ab522087c02f734b80e6c748afb207995e757ed67ca037a5eda,arbitrum,Arbitrum One,True,2023_05_jimbo,Jimbo,Price Manipulation,huggingface:akshaynexus/DeFiHackLabs-Dataset,needs_manual_or_rpc_validation,staged_not_merged,
0x4554480000000000000000000000000000000000000000000000000000000000,arbitrum,Arbitrum One,True,2024_11_deltaprime,DeltaPrime,Reentrancy,huggingface:akshaynexus/DeFiHackLabs-Dataset,needs_manual_or_rpc_validation,staged_not_merged,
0x51293c1155a1d33d8fc9389721362044c3a67e0ac732b3a6ec7661d47b03df9f,arbitrum,Arbitrum One,True,2023_11_thestandard_io,TheStandard io,Price Manipulation,huggingface:akshaynexus/DeFiHackLabs-Dataset,needs_manual_or_rpc_validation,staged_not_merged,
0x5553444300000000000000000000000000000000000000000000000000000000,arbitrum,Arbitrum One,True,2024_11_deltaprime,DeltaPrime,Reentrancy,huggingface:akshaynexus/DeFiHackLabs-Dataset,needs_manual_or_rpc_validation,staged_not_merged,
0x57c96e320a3b885fabd95dd476d43c0d0fb10500d940d9594d4a458471a87abe,arbitrum,Arbitrum One,True,2023_10_belugadex,BelugaDex,Reentrancy,huggingface:akshaynexus/DeFiHackLabs-Dataset,needs_manual_or_rpc_validation,staged_not_merged,
0x57e555328b7def90e1fc2a0f7aa6df8d601a8f15803800a5aaf0a20382f21fbd,arbitrum,Arbitrum One,True,2024_03_woofi,Woofi,Price Manipulation,huggingface:akshaynexus/DeFiHackLabs-Dataset,needs_manual_or_rpc_validation,staged_not_merged,
0x5d2a94785d95a740ec5f778e79ff014c880bcefec70d1a7c2440e611f84713d6,arbitrum,Arbitrum One,True,2024_04_rico,Rico,Reentrancy/Improper Access Control,huggingface:akshaynexus/DeFiHackLabs-Dataset,needs_manual_or_rpc_validation,staged_not_merged,
0x5db5c2400ab56db697b3cc9aa02a05deab658e1438ce2f8692ca009cc45171dd,arbitrum,Arbitrum One,True,2023_02_dforce,dForce,Reentrancy,huggingface:akshaynexus/DeFiHackLabs-Dataset,needs_manual_or_rpc_validation,staged_not_merged,
0x5f16637460021994d40430dadc020fffdb96937cfaf2b8cb6cbc03c91980ac7c,arbitrum,Arbitrum One,True,2023_07_rodeofinance,RodeoFinance,Price Oracle Manipulation,huggingface:akshaynexus/DeFiHackLabs-Dataset,needs_manual_or_rpc_validation,staged_not_merged,
0x6301d4c9f7ac1c96a65e83be6ea2fff5000f0b1939ad24955e40890bd9fe6122,arbitrum,Arbitrum One,True,2023_08_neutrafinance,NeutraFinance,Flash Loan Attack,huggingface:akshaynexus/DeFiHackLabs-Dataset,needs_manual_or_rpc_validation,staged_not_merged,
0x6a2f989b5493b52ffc078d0a59a3bf9727d134b403aa6e0bf309fd513a728f7f,arbitrum,Arbitrum One,True,2024_11_deltaprime,DeltaPrime,Reentrancy,huggingface:akshaynexus/DeFiHackLabs-Dataset,needs_manual_or_rpc_validation,staged_not_merged,
0x6caa65b3fc5c8d4c7104574c3a15cd6208f742f9ada7d81ba027b20473137705,arbitrum,Arbitrum One,True,2024_04_yield,Yield,Logic Error,huggingface:akshaynexus/DeFiHackLabs-Dataset,needs_manual_or_rpc_validation,staged_not_merged,
0x9a462209e573962f2654cac9bfe1277abe443cf5d1322ffd645925281fe65a2e,arbitrum,Arbitrum One,True,2023_07_rodeofinance,RodeoFinance,Price Oracle Manipulation,huggingface:akshaynexus/DeFiHackLabs-Dataset,needs_manual_or_rpc_validation,staged_not_merged,
0x9f8b4841f805ec50cc6632068f759216d85633fbbe34afde86b97bbc41c23ead,arbitrum,Arbitrum One,True,2025_10_sharwafinance,SharwaFinance,Flash Loan Attack,huggingface:akshaynexus/DeFiHackLabs-Dataset,needs_manual_or_rpc_validation,staged_not_merged,
0xa9ff2b587e2741575daf893864710a5cbb44bb64ccdc487a100fa20741e0f74d,arbitrum,Arbitrum One,True,2023_04_sentiment,Sentiment,Reentrancy,huggingface:akshaynexus/DeFiHackLabs-Dataset,needs_manual_or_rpc_validation,staged_not_merged,
0xb13b2ab202cb902b8986cbd430d7227bf3ddca831b79786af145ccb5f00fcf3f,arbitrum,Arbitrum One,True,2025_08_evervaluecoin,EverValueCoin,Order Manipulation,huggingface:akshaynexus/DeFiHackLabs-Dataset,needs_manual_or_rpc_validation,staged_not_merged,
0xb1be5dee3852c818af742f5dd44def285b497ffc5c2eda0d893af542a09fb25a,arbitrum,Arbitrum One,True,2023_07_rodeofinance,RodeoFinance,Price Oracle Manipulation,huggingface:akshaynexus/DeFiHackLabs-Dataset,needs_manual_or_rpc_validation,staged_not_merged,
0xbe163f651d23f0c9e4d4a443c0cc163134a31a1c2761b60188adcfd33178f50f,arbitrum,Arbitrum One,True,2024_05_predyfinance,PredyFinance,Reentrancy,huggingface:akshaynexus/DeFiHackLabs-Dataset,needs_manual_or_rpc_validation,staged_not_merged,
0xc523c6307b025ebd9aef155ba792d1ba18d5d83f97c7a846f267d3d9a3004e8c,arbitrum,Arbitrum One,True,2022_12_lodestar,Lodestar,Reentrancy,huggingface:akshaynexus/DeFiHackLabs-Dataset,needs_manual_or_rpc_validation,staged_not_merged,
0xcb1a2f5eeb1a767ea5ccbc3665351fadc1af135d12a38c504f8f6eb997e9e603,arbitrum,Arbitrum One,True,2024_03_lavalending,LavaLending,Flash Loan Attack,huggingface:akshaynexus/DeFiHackLabs-Dataset,needs_manual_or_rpc_validation,staged_not_merged,
0xcf75802229d440e4fbabb4d357fa1886c25e9a6b5c693e9e9573c71c15e2b0d3,arbitrum,Arbitrum One,True,2024_01_citadelfinance,CitadelFinance,Price Manipulation,huggingface:akshaynexus/DeFiHackLabs-Dataset,needs_manual_or_rpc_validation,staged_not_merged,
0xd64729c528e6689cb18b0c90345ab0c9ed18fea44247c89af2f1374643fc89c2,arbitrum,Arbitrum One,True,2025_10_sharwafinance,SharwaFinance,Flash Loan Attack,huggingface:akshaynexus/DeFiHackLabs-Dataset,needs_manual_or_rpc_validation,staged_not_merged,
0xe5f8fe69b38613a855dbcb499a2c4ecffe318c620a4c4117bd0e298213b7619d,arbitrum,Arbitrum One,True,2025_08_bebop_dex,Bebop dex,Arbitrary Token Transfer,huggingface:akshaynexus/DeFiHackLabs-Dataset,needs_manual_or_rpc_validation,staged_not_merged,
0xf52a681bc76df1e3a61d9266e3a66c7388ef579d62373feb4fd0991d36006855,arbitrum,Arbitrum One,True,2024_01_citadelfinance,CitadelFinance,Price Manipulation,huggingface:akshaynexus/DeFiHackLabs-Dataset,needs_manual_or_rpc_validation,staged_not_merged,
0xf9baf8cee8973cf9700ae1b1f41c625d7a2abdbcbc222582d24a8f2f790d0b5a,arbitrum,Arbitrum One,True,2023_05_jimbo,Jimbo,Price Manipulation,huggingface:akshaynexus/DeFiHackLabs-Dataset,needs_manual_or_rpc_validation,staged_not_merged,
0xfaf84cabc3e1b0cf1ff1738dace1b2810f42d98baeea17b146ae032f0bdf82d5,arbitrum,Arbitrum One,True,2023_02_usds,USDs,Logic Error,huggingface:akshaynexus/DeFiHackLabs-Dataset,needs_manual_or_rpc_validation,staged_not_merged,
0xfda5464e97043a2d0093cbed6d0a64f6a86049f5e9608c014396a7390188670e,arbitrum,Arbitrum One,True,2023_05_jimbo,Jimbo,Price Manipulation,huggingface:akshaynexus/DeFiHackLabs-Dataset,needs_manual_or_rpc_validation,staged_not_merged,
0x62e6b906bb5aafdc57c72cd13e20a18d2de3a4a757cd2f24fde6003ce5c9f2c6,blast,Blast,False,2024_03_sss,SSS,Price Manipulation,huggingface:akshaynexus/DeFiHackLabs-Dataset,needs_manual_or_rpc_validation,staged_not_merged,Unsupported or unmapped chain: Blast
0x7fdd140f7631f62d62f7256ee4a38af51a4723ad5d66adc9b9685bf78f750f2d,blast,Blast,False,2024_06_bazaar,Bazaar,Reentrancy,huggingface:akshaynexus/DeFiHackLabs-Dataset,needs_manual_or_rpc_validation,staged_not_merged,Unsupported or unmapped chain: Blast
0xdc4a9779d6084c1ab3e815b67ed5e6780ccf4d90000200000000000000000001,blast,Blast,False,2024_06_bazaar,Bazaar,Reentrancy,huggingface:akshaynexus/DeFiHackLabs-Dataset,needs_manual_or_rpc_validation,staged_not_merged,Unsupported or unmapped chain: Blast
0x0000000000000000000000000000000000000000000000000000000000000000,eth,Ethereum,True,2022_09_mevbadc0de,MEVbadc0de,Arbitrary Call,huggingface:akshaynexus/DeFiHackLabs-Dataset,needs_manual_or_rpc_validation,staged_not_merged,
0x0000000000000000000000000000000000000000000000000000000000000001,eth,Ethereum,True,2022_09_mevbadc0de,MEVbadc0de,Arbitrary Call,huggingface:akshaynexus/DeFiHackLabs-Dataset,needs_manual_or_rpc_validation,staged_not_merged,
0x0000000000000000000000000000000000000000000000000000000000000002,eth,Ethereum,True,2022_09_mevbadc0de,MEVbadc0de,Arbitrary Call,huggingface:akshaynexus/DeFiHackLabs-Dataset,needs_manual_or_rpc_validation,staged_not_merged,
0x0000000000000000000000000000000000000000000000000000000000000003,eth,Ethereum,True,2022_09_mevbadc0de,MEVbadc0de,Arbitrary Call,huggingface:akshaynexus/DeFiHackLabs-Dataset,needs_manual_or_rpc_validation,staged_not_merged,
0x0000000000000000000000000000000000000000000000000000000000000004,eth,Ethereum,True,2022_09_mevbadc0de,MEVbadc0de,Arbitrary Call,huggingface:akshaynexus/DeFiHackLabs-Dataset,needs_manual_or_rpc_validation,staged_not_merged,
0x000000000000000000000000000000000000000000000000000000000000001b,eth,Ethereum,True,2018_04_smartmesh,SmartMesh,Signature Malleability,huggingface:akshaynexus/DeFiHackLabs-Dataset,needs_manual_or_rpc_validation,staged_not_merged,
0x0000000000000000000000000000000000000000000000000000000000000020,eth,Ethereum,True,2022_09_mevbadc0de,MEVbadc0de,Arbitrary Call,huggingface:akshaynexus/DeFiHackLabs-Dataset,needs_manual_or_rpc_validation,staged_not_merged,
0x000000000000000000000000000000000000000000000000000000000000002b,eth,Ethereum,True,2025_08_hexotic,Hexotic,Reentrancy,huggingface:akshaynexus/DeFiHackLabs-Dataset,needs_manual_or_rpc_validation,staged_not_merged,
0x0000000000000000000000000000000000000000000000000000000000000040,eth,Ethereum,True,2022_09_mevbadc0de,MEVbadc0de,Arbitrary Call,huggingface:akshaynexus/DeFiHackLabs-Dataset,needs_manual_or_rpc_validation,staged_not_merged,
0x0000000000000000000000000000000000000000000000000000000000000043,eth,Ethereum,True,2025_08_hexotic,Hexotic,Reentrancy,huggingface:akshaynexus/DeFiHackLabs-Dataset,needs_manual_or_rpc_validation,staged_not_merged,
0x00000000000000000000000000000000000000000000000000000000000000a0,eth,Ethereum,True,2022_09_mevbadc0de,MEVbadc0de,Arbitrary Call,huggingface:akshaynexus/DeFiHackLabs-Dataset,needs_manual_or_rpc_validation,staged_not_merged,
0x00000000000000000000000000000000000000000000000000000000000000e0,eth,Ethereum,True,2022_09_mevbadc0de,MEVbadc0de,Arbitrary Call,huggingface:akshaynexus/DeFiHackLabs-Dataset,needs_manual_or_rpc_validation,staged_not_merged,
0x000000000000000000000000000000000000000000000beff1ceef246ef7bd1f,eth,Ethereum,True,2022_09_mevbadc0de,MEVbadc0de,Arbitrary Call,huggingface:akshaynexus/DeFiHackLabs-Dataset,needs_manual_or_rpc_validation,staged_not_merged,
0x00000000000000000000000000000000000000000085cc94d6cd155fdbcdace3,eth,Ethereum,True,2026_01_truebit,Truebit,Price Manipulation,huggingface:akshaynexus/DeFiHackLabs-Dataset,needs_manual_or_rpc_validation,staged_not_merged,
0x00c503b595946bccaea3d58025b5f9b3726177bbdc9674e634244135282116c7,eth,Ethereum,True,2024_03_prisma,Prisma,Flash Loan Attack,huggingface:akshaynexus/DeFiHackLabs-Dataset,needs_manual_or_rpc_validation,staged_not_merged,
0x013be97768b702fe8eccef1a40544d5ecb3c1961ad5f87fee4d16fdc08c78106,eth,Ethereum,True,2020_06_balancer_20200628,Balancer 20200628,Price Manipulation,huggingface:akshaynexus/DeFiHackLabs-Dataset,needs_manual_or_rpc_validation,staged_not_merged,
0x01514910771af9ca656af840dff83e8264ecf986ca010000017fa9385be102ac,eth,Ethereum,True,2023_04_sushi_router,Sushi Router,Reentrancy,huggingface:akshaynexus/DeFiHackLabs-Dataset,needs_manual_or_rpc_validation,staged_not_merged,
0x01514910771af9ca656af840dff83e8264ecf986ca01000001f9a001d5b2c7c5,eth,Ethereum,True,2023_04_sushi_router,Sushi Router,Reentrancy,huggingface:akshaynexus/DeFiHackLabs-Dataset,needs_manual_or_rpc_validation,staged_not_merged,
0x03543ef96c26d6c79ff6c24219c686ae6d0eb5453b322e54d3b6a5ce456385e5,eth,Ethereum,True,2024_02_affinedefi,AffineDeFi,Flash Loan Attack,huggingface:akshaynexus/DeFiHackLabs-Dataset,needs_manual_or_rpc_validation,staged_not_merged,
0x04b166e7b4ab5105a8e9c85f08f6346de1c66368687215b0e0b58d6e5002bc32,eth,Ethereum,True,2023_04_sushi_router,Sushi Router,Reentrancy,huggingface:akshaynexus/DeFiHackLabs-Dataset,needs_manual_or_rpc_validation,staged_not_merged,
0x0500c02aaa39b223fe8d0a0e5c4f27ead9083c756cc2000044a9059cbb000000,eth,Ethereum,True,2025_11_drlvaultv3,DRLVaultV3,Reentrancy,huggingface:akshaynexus/DeFiHackLabs-Dataset,needs_manual_or_rpc_validation,staged_not_merged,
0x055cec4fa4614836e54ea2e5cd3d14247ff3d61b85aa2a41f8cc876d131e0328,eth,Ethereum,True,2023_04_yearnfinance,YearnFinance,Price Manipulation,huggingface:akshaynexus/DeFiHackLabs-Dataset,needs_manual_or_rpc_validation,staged_not_merged,
0x08ffb5f7ab6421720ab609b6ab0ff5622fba225ba351119c21ef92c78cb8302c,eth,Ethereum,True,2025_04_laundromat,Laundromat,Logic Error/Reentrancy,huggingface:akshaynexus/DeFiHackLabs-Dataset,needs_manual_or_rpc_validation,staged_not_merged,
0x0a4b99389149cc4f7f6051299145c113f5aa50dccf19f748516c4c977f475d6c,eth,Ethereum,True,2021_07_chainswap_exp1,Chainswap exp1,Signature Replay,huggingface:akshaynexus/DeFiHackLabs-Dataset,needs_manual_or_rpc_validation,staged_not_merged,
0x0af5a6d2d8b49f68dcfd4599a0e767450e76e08a5aeba9b3d534a604d308e60b,eth,Ethereum,True,2021_01_sushi_badger_digg,Sushi Badger Digg,Improper Access Control,huggingface:akshaynexus/DeFiHackLabs-Dataset,needs_manual_or_rpc_validation,staged_not_merged,
0x0cc266abfa2ba924ffa7dab0cd8f7bb1a14891ec74dea53927c09296d1c6ac7c,eth,Ethereum,True,2024_01_orbitchain,OrbitChain,Signature Replay/Forging,huggingface:akshaynexus/DeFiHackLabs-Dataset,needs_manual_or_rpc_validation,staged_not_merged,
0x0fe2542079644e107cbf13690eb9c2c65963ccb79089ff96bfaf8dced2331c92,eth,Ethereum,True,2021_10_cream_2,Cream 2,Price Manipulation,huggingface:akshaynexus/DeFiHackLabs-Dataset,needs_manual_or_rpc_validation,staged_not_merged,
0x1134236483ad360a775e6c22100f83ba5091115323417205cfbd4ae898cd0bc2,eth,Ethereum,True,2021_07_chainswap_exp1,Chainswap exp1,Signature Replay,huggingface:akshaynexus/DeFiHackLabs-Dataset,needs_manual_or_rpc_validation,staged_not_merged,
0x11b7c750f1334e2f26ca9be32c2d070a4a023edf745b02468d6cba9a15a494c6,eth,Ethereum,True,2023_12_time,TIME,Logic Error,huggingface:akshaynexus/DeFiHackLabs-Dataset,needs_manual_or_rpc_validation,staged_not_merged,
0x1274b32d4dfacd2703ad032e8bd669a83f012dde9d27ed92e4e7da0387adafe4,eth,Ethereum,True,2023_09_floordao,FloorDAO,Logic Error,huggingface:akshaynexus/DeFiHackLabs-Dataset,needs_manual_or_rpc_validation,staged_not_merged,
0x166be3838e86d1af766aeb93493d81b89e564c96c2f8decb94b400912de6afed,eth,Ethereum,True,2026_01_makina,makina,Price Manipulation,huggingface:akshaynexus/DeFiHackLabs-Dataset,needs_manual_or_rpc_validation,staged_not_merged,
0x171072422efb5cd461546bfe986017d9b5aa427ff1c07ebe8acc064b13a7b7be,eth,Ethereum,True,2021_05_raricapital,RariCapital,Reentrancy/Logic Error,huggingface:akshaynexus/DeFiHackLabs-Dataset,needs_manual_or_rpc_validation,staged_not_merged,
0x171696d6231b4a201927b35fe2dae4b91cefb62bef849a143560ebbb49cee5df,eth,Ethereum,True,2022_09_badguysbyrpf,BadGuysbyRPF,Business Logic Flaw,huggingface:akshaynexus/DeFiHackLabs-Dataset,needs_manual_or_rpc_validation,staged_not_merged,
0x18160ddd01ff0000000000086c3f90f043a72fa612cbac8115ee7e52bde6e490,eth,Ethereum,True,2026_01_makina,makina,Price Manipulation,huggingface:akshaynexus/DeFiHackLabs-Dataset,needs_manual_or_rpc_validation,staged_not_merged,
0x18303ee09818b0575ea4a5c2ed25b1e78523aa2b387a9c7c9c23b0d906ff9e07,eth,Ethereum,True,2024_01_orbitchain,OrbitChain,Signature Replay/Forging,huggingface:akshaynexus/DeFiHackLabs-Dataset,needs_manual_or_rpc_validation,staged_not_merged,
0x18d716ad7f5113fe53b24a30288c6989dd04e6ad881be58b482d8d58f71c42da,eth,Ethereum,True,2022_09_badguysbyrpf,BadGuysbyRPF,Business Logic Flaw,huggingface:akshaynexus/DeFiHackLabs-Dataset,needs_manual_or_rpc_validation,staged_not_merged,
0x1abab4c8db9a30e703114528e31dee129a3a758f7f8abc3b6494aad3d304e43f,eth,Ethereum,True,2018_04_smartmesh,SmartMesh,Signature Malleability,huggingface:akshaynexus/DeFiHackLabs-Dataset,needs_manual_or_rpc_validation,staged_not_merged,
0x1ae40f26819da4f10bc7c894a2cc507cdb31c29635d31fa90c8f3f240f0327c0,eth,Ethereum,True,2024_11_veth,vETH,Logic Error/Reentrancy,huggingface:akshaynexus/DeFiHackLabs-Dataset,needs_manual_or_rpc_validation,staged_not_merged,
0x1b4730e715286862042def956d5aaa6a53203ee02b97ea913de73fa462e48f90,eth,Ethereum,True,2024_10_bubai,BUBAI,Reentrancy,huggingface:akshaynexus/DeFiHackLabs-Dataset,needs_manual_or_rpc_validation,staged_not_merged,
0x1d4aaa253afc6c5d5f893d4a572de830538aeef3b65cb6ff3bb6fec738a899d0,eth,Ethereum,True,2021_07_chainswap_exp1,Chainswap exp1,Signature Replay,huggingface:akshaynexus/DeFiHackLabs-Dataset,needs_manual_or_rpc_validation,staged_not_merged,
0x2038560f9bee81aecd0fa852fae43c9e2a4db94c609c3b91dba5ac0f01b4d5c6,eth,Ethereum,True,2023_12_time,TIME,Logic Error,huggingface:akshaynexus/DeFiHackLabs-Dataset,needs_manual_or_rpc_validation,staged_not_merged,
0x21e9d20b57f6ae60dac23466c8395d47f42dc24628e5a31f224567a2b4effa88,eth,Ethereum,True,2018_10_spankchain,SpankChain,Reentrancy,huggingface:akshaynexus/DeFiHackLabs-Dataset,needs_manual_or_rpc_validation,staged_not_merged,
0x23b69bef57656f493548a5373300f7557777f352ade8131353ff87a1b27e2bb3,eth,Ethereum,True,2025_08_hexotic,Hexotic,Reentrancy,huggingface:akshaynexus/DeFiHackLabs-Dataset,needs_manual_or_rpc_validation,staged_not_merged,
0x260d5eb9151c565efda80466de2e7eee9c6bd4973d54ff68c8e045a26f62ea73,eth,Ethereum,True,2025_02_hegicoptions,HegicOptions,Logic Error,huggingface:akshaynexus/DeFiHackLabs-Dataset,needs_manual_or_rpc_validation,staged_not_merged,
0x2652c96f86b22f421949daee41ffef503df3a06072e372de15105d0783bc2ba3,eth,Ethereum,True,2025_04_laundromat,Laundromat,Logic Error/Reentrancy,huggingface:akshaynexus/DeFiHackLabs-Dataset,needs_manual_or_rpc_validation,staged_not_merged,
0x27981c7289c372e601c9475e5b5466310be18ed10b59d1ac840145f6e7804c97,eth,Ethereum,True,2022_06_harmony_multisig,Harmony multisig,Access Control,huggingface:akshaynexus/DeFiHackLabs-Dataset,needs_manual_or_rpc_validation,staged_not_merged,
0x2972f75d5926f8f948ab6a0cabc517a05f0da5b53e20f670591afbaa501aa436,eth,Ethereum,True,2022_10_teamfinance,TeamFinance,Integer Overflow/Underflow,huggingface:akshaynexus/DeFiHackLabs-Dataset,needs_manual_or_rpc_validation,staged_not_merged,
0x29ddb589b1fb5fc7cf394961c1adf5f8c6454761adf795e67fe149f658abe895,eth,Ethereum,True,2022_10_n00d,N00d,Reentrancy,huggingface:akshaynexus/DeFiHackLabs-Dataset,needs_manual_or_rpc_validation,staged_not_merged,
0x2c9f87e285026601a2c8903cf5f10e5b3655fbd0264490c41514ce073c42a9c3,eth,Ethereum,True,2023_06_mimspell,MIMSpell,Arbitrary Call,huggingface:akshaynexus/DeFiHackLabs-Dataset,needs_manual_or_rpc_validation,staged_not_merged,
0x2e7dc8b2fb7e25fd00ed9565dcc0ad4546363171d5e00f196d48103983ae477c,eth,Ethereum,True,2023_07_curve_exp02,Curve exp02,Reentrancy,huggingface:akshaynexus/DeFiHackLabs-Dataset,needs_manual_or_rpc_validation,staged_not_merged,
0x2f328016764ecf1f57fda0f5490087a5ddba83706b51cf518bdbd7e65ae2383b,eth,Ethereum,True,2023_12_pineprotocol,PineProtocol,Flash Loan Attack,huggingface:akshaynexus/DeFiHackLabs-Dataset,needs_manual_or_rpc_validation,staged_not_merged,
0x2fc9f2fd393db2273abb9b0451f9a4830aa2ebd5490d453f1a06a8e9e5edc4f9,eth,Ethereum,True,2024_11_cow,CoW,Callback Manipulation,huggingface:akshaynexus/DeFiHackLabs-Dataset,needs_manual_or_rpc_validation,staged_not_merged,
0x3184ac964636725c9c94d3767739fd89fc58da189ef8579409052b860e00b28f,eth,Ethereum,True,2025_04_laundromat,Laundromat,Logic Error/Reentrancy,huggingface:akshaynexus/DeFiHackLabs-Dataset,needs_manual_or_rpc_validation,staged_not_merged,
0x325999373f1aae98db2d89662ff1afbe0c842736f7564d16a7b52bf5c777d3a4,eth,Ethereum,True,2023_10_ktaf,kTAF,Reentrancy/Liquidation Exploit,huggingface:akshaynexus/DeFiHackLabs-Dataset,needs_manual_or_rpc_validation,staged_not_merged,
0x33f79225929030e6369f0fbf5500142b8a4e10370e35f701a0e5c4d324f098d6,eth,Ethereum,True,2025_04_laundromat,Laundromat,Logic Error/Reentrancy,huggingface:akshaynexus/DeFiHackLabs-Dataset,needs_manual_or_rpc_validation,staged_not_merged,
0x341d0ad6bccd30ed1d09d1b778a4f91738d5105f3986c7e6de9f9df847c90c93,eth,Ethereum,True,2023_07_azukidao,AzukiDAO,Signature Replay,huggingface:akshaynexus/DeFiHackLabs-Dataset,needs_manual_or_rpc_validation,staged_not_merged,
0x37cb8626e45f0749296ef080acb218e5ccc7efb2ae4d39c952566dc378ca1c4c,eth,Ethereum,True,2023_01_qtn,QTN,Logic Error,huggingface:akshaynexus/DeFiHackLabs-Dataset,needs_manual_or_rpc_validation,staged_not_merged,
0x37da521031f0a65dd8466d4def41c44a69796f696965c42f9705447286c0ac9a,eth,Ethereum,True,2024_01_orbitchain,OrbitChain,Signature Replay/Forging,huggingface:akshaynexus/DeFiHackLabs-Dataset,needs_manual_or_rpc_validation,staged_not_merged,
0x3b19e152943f31fe0830b67315ddc89be9a066dc89174256e17bc8c2d35b5af8,eth,Ethereum,True,2023_08_uwerx,Uwerx,Price Manipulation / Liquidity Exploitation,huggingface:akshaynexus/DeFiHackLabs-Dataset,needs_manual_or_rpc_validation,staged_not_merged,
0x3b7169e2ee2b73dcfbabae1400b811b95616cb5dc547b8b7b7c6aeb37b5b906b,eth,Ethereum,True,2024_01_orbitchain,OrbitChain,Signature Replay/Forging,huggingface:akshaynexus/DeFiHackLabs-Dataset,needs_manual_or_rpc_validation,staged_not_merged,
0x3d5b4a0d560e8dd750239b578e2b85921b523835b644714dc239a2db70cf067c,eth,Ethereum,True,2024_09_pestotoken,PestoToken,Reentrancy,huggingface:akshaynexus/DeFiHackLabs-Dataset,needs_manual_or_rpc_validation,staged_not_merged,
0x3e9bcee951cdad84805e0c82d2a1e982e71f2ec301a1cbd344c832e0acaee813,eth,Ethereum,True,2023_11_grok,grok,Flash Loan Attack,huggingface:akshaynexus/DeFiHackLabs-Dataset,needs_manual_or_rpc_validation,staged_not_merged,
0x3ef06a27b3565a82b6d72af184ca3d787e3dd8fc0bd56bb0e7dce2faf920257d,eth,Ethereum,True,2024_01_orbitchain,OrbitChain,Signature Replay/Forging,huggingface:akshaynexus/DeFiHackLabs-Dataset,needs_manual_or_rpc_validation,staged_not_merged,
0x422e7b0a449deba30bfe922b5c34282efbdbf860205ff04b14fd8129c5b91433,eth,Ethereum,True,2022_06_xcarnival,XCarnival,Logic Error,huggingface:akshaynexus/DeFiHackLabs-Dataset,needs_manual_or_rpc_validation,staged_not_merged,
0x42b2ec27c732100dd9037c76da415e10329ea41598de453bb0c0c9ea7ce0d8e5,eth,Ethereum,True,2024_09_penpiexyzio,Penpiexyzio,Improper Access Control,huggingface:akshaynexus/DeFiHackLabs-Dataset,needs_manual_or_rpc_validation,staged_not_merged,
0x44037ffc0993327176975e08789b71c1058318f48ddeff25890a577d6555b6ba,eth,Ethereum,True,2025_01_unilend,Unilend,Integer Overflow/Underflow,huggingface:akshaynexus/DeFiHackLabs-Dataset,needs_manual_or_rpc_validation,staged_not_merged,
0x444854ee7e7570f146b64aa8a557ede82f326232e793873f0bbd04275fa7e54c,eth,Ethereum,True,2025_02_hegicoptions,HegicOptions,Logic Error,huggingface:akshaynexus/DeFiHackLabs-Dataset,needs_manual_or_rpc_validation,staged_not_merged,
0x4643b63dcbfc385b8ab8c86cbc46da18c2e43d277de3e5bc3b4516d3c0fdeb9f,eth,Ethereum,True,2020_06_bancor,Bancor,Access Control,huggingface:akshaynexus/DeFiHackLabs-Dataset,needs_manual_or_rpc_validation,staged_not_merged,
0x46567c731c4f4f7e27c4ce591f0aebdeb2d9ae1038237a0134de7b13e63d8729,eth,Ethereum,True,2024_09_onyxdao,OnyxDAO,Logic Error,huggingface:akshaynexus/DeFiHackLabs-Dataset,needs_manual_or_rpc_validation,staged_not_merged,
0x4798ce5b00000000000000000000000000000000000000000000000000000000,eth,Ethereum,True,2022_09_mevbadc0de,MEVbadc0de,Arbitrary Call,huggingface:akshaynexus/DeFiHackLabs-Dataset,needs_manual_or_rpc_validation,staged_not_merged,
0x4903b0d10105ff0000000005bebc44782c7db0a1a60cb6fe97d0b483032ff1c7,eth,Ethereum,True,2026_01_makina,makina,Price Manipulation,huggingface:akshaynexus/DeFiHackLabs-Dataset,needs_manual_or_rpc_validation,staged_not_merged,
0x4903b0d10106ff0000000006bebc44782c7db0a1a60cb6fe97d0b483032ff1c7,eth,Ethereum,True,2026_01_makina,makina,Price Manipulation,huggingface:akshaynexus/DeFiHackLabs-Dataset,needs_manual_or_rpc_validation,staged_not_merged,
0x4903b0d10107ff0000000007bebc44782c7db0a1a60cb6fe97d0b483032ff1c7,eth,Ethereum,True,2026_01_makina,makina,Price Manipulation,huggingface:akshaynexus/DeFiHackLabs-Dataset,needs_manual_or_rpc_validation,staged_not_merged,
0x4ab68b21799828a57ea99c1288036889b39bf85785240576e697ebff524b3930,eth,Ethereum,True,2023_10_pseudoeth,pSeudoEth,Reentrancy/Logic Error in `skim` function,huggingface:akshaynexus/DeFiHackLabs-Dataset,needs_manual_or_rpc_validation,staged_not_merged,
0x4b3df6e9c68ae482c71a02832f7f599ff58ff877ec05fed0abd95b31d2d7d912,eth,Ethereum,True,2023_01_upswing,Upswing,Logic Error,huggingface:akshaynexus/DeFiHackLabs-Dataset,needs_manual_or_rpc_validation,staged_not_merged,
0x4bb10927ea7afc2336033574b74ebd6f73ef35ac0db1bb96229627c9d77555a0,eth,Ethereum,True,2021_03_paid,PAID,Access Control,huggingface:akshaynexus/DeFiHackLabs-Dataset,needs_manual_or_rpc_validation,staged_not_merged,
0x4ff4028b03c3df468197358b99f5160e5709e7fce3884cc8ce818856d058e106,eth,Ethereum,True,2024_03_cgt,CGT,Arbitrary Minting,huggingface:akshaynexus/DeFiHackLabs-Dataset,needs_manual_or_rpc_validation,staged_not_merged,
0x51185fb580892706500d3b6eebb8698c27d900618021fb9b1797f4a774fffb04,eth,Ethereum,True,2022_10_teamfinance,TeamFinance,Integer Overflow/Underflow,huggingface:akshaynexus/DeFiHackLabs-Dataset,needs_manual_or_rpc_validation,staged_not_merged,
0x51ce3d9cfc85c1f6a532b908bb2debb16c7569eb8b76effe614016aac6635f65,eth,Ethereum,True,2023_12_hypr,HYPR,Access Control,huggingface:akshaynexus/DeFiHackLabs-Dataset,needs_manual_or_rpc_validation,staged_not_merged,
0x53fc1ed6fc846bb1bb169b59c0f09b68c5489f92a52de825288380980c45ca8a,eth,Ethereum,True,2025_04_laundromat,Laundromat,Logic Error/Reentrancy,huggingface:akshaynexus/DeFiHackLabs-Dataset,needs_manual_or_rpc_validation,staged_not_merged,
0x53fd92771d2084a9bf39a6477015ef53b7f116c79d98a21be723d06d79024cad,eth,Ethereum,True,2022_08_nomadbridge,NomadBridge,Reentrancy,huggingface:akshaynexus/DeFiHackLabs-Dataset,needs_manual_or_rpc_validation,staged_not_merged,
0x53fe7ef190c34d810c50fb66f0fc65a1ceedc10309cf4b4013d64042a0331156,eth,Ethereum,True,2025_12_yeth,yETH,Price Manipulation,huggingface:akshaynexus/DeFiHackLabs-Dataset,needs_manual_or_rpc_validation,staged_not_merged,
0x5443cf63033ab211f205076622b2426b994ce3706c1ee2464a68ef168c7639bb,eth,Ethereum,True,2024_01_orbitchain,OrbitChain,Signature Replay/Forging,huggingface:akshaynexus/DeFiHackLabs-Dataset,needs_manual_or_rpc_validation,staged_not_merged,
0x54f659773dae6e01f83184d4b6d717c7f1bb71c0aa59e8c8f4a57c25271424b3,eth,Ethereum,True,2024_08_yodlrouter,YodlRouter,Integer Overflow/Underflow,huggingface:akshaynexus/DeFiHackLabs-Dataset,needs_manual_or_rpc_validation,staged_not_merged,
0x569733b8016ef9418f0b6bde8c14224d9e759e79301499908ecbcd956a0651f5,eth,Ethereum,True,2026_01_makina,makina,Price Manipulation,huggingface:akshaynexus/DeFiHackLabs-Dataset,needs_manual_or_rpc_validation,staged_not_merged,
0x56de6c4bd906ee0c067a332e64966db8b1e866c7965c044163a503de6ee6552a,eth,Ethereum,True,2020_08_opyn,Opyn,Reentrancy,huggingface:akshaynexus/DeFiHackLabs-Dataset,needs_manual_or_rpc_validation,staged_not_merged,
0x585d8be6a0b07ca2f94cfa1d7542f1a62b0d3af5fab7823cbcf69fb243f271f8,eth,Ethereum,True,2025_05_usualmoney,UsualMoney,Price Manipulation / Arbitrage,huggingface:akshaynexus/DeFiHackLabs-Dataset,needs_manual_or_rpc_validation,staged_not_merged,
0x586a2a4368a1a45489a8a9b4273509b524b672c33e6c544d2682771b44f05e87,eth,Ethereum,True,2024_11_chisale,ChiSale,Integer Overflow/Underflow,huggingface:akshaynexus/DeFiHackLabs-Dataset,needs_manual_or_rpc_validation,staged_not_merged,
0x59faab5a1911618064f1ffa1e4649d85c99cfd9f0d64dcebbc1af7d7630da98b,eth,Ethereum,True,2021_02_yearn_ydai,Yearn ydai,Logic Error,huggingface:akshaynexus/DeFiHackLabs-Dataset,needs_manual_or_rpc_validation,staged_not_merged,
0x5c5688a9f981a07ed509481352f12f22a4bd7cea46a932c6d6bbe67cca3c54be,eth,Ethereum,True,2021_07_chainswap_exp1,Chainswap exp1,Signature Replay,huggingface:akshaynexus/DeFiHackLabs-Dataset,needs_manual_or_rpc_validation,staged_not_merged,
0x5dcd197f362a82daaf56545974db26aabfe335be4c7eef015d3d74ccea4bf511,eth,Ethereum,True,2022_09_badguysbyrpf,BadGuysbyRPF,Business Logic Flaw,huggingface:akshaynexus/DeFiHackLabs-Dataset,needs_manual_or_rpc_validation,staged_not_merged,
0x5e151627dc06ec4f2db5be2f48248f320ad3450aba42b1bbd00131bcbaa4f0ae,eth,Ethereum,True,2024_11_vrug,VRug,Integer Overflow/Underflow,huggingface:akshaynexus/DeFiHackLabs-Dataset,needs_manual_or_rpc_validation,staged_not_merged,
0x6189ad07894507d15c5dff83f547294e72f18561dc5662a8113f7eb932a5b079,eth,Ethereum,True,2023_09_jumpfarm,JumpFarm,Flash Loan Attack,huggingface:akshaynexus/DeFiHackLabs-Dataset,needs_manual_or_rpc_validation,staged_not_merged,
0x6233c9315dd3b6a6fcc7d653f4dca6c263e684a76b4ad3d93595e3b8e8714d34,eth,Ethereum,True,2023_07_azukidao,AzukiDAO,Signature Replay,huggingface:akshaynexus/DeFiHackLabs-Dataset,needs_manual_or_rpc_validation,staged_not_merged,
0x62734ce80311e64630a009dd101a967ea0a9c012fabbfce8eac90f0f4ca090d6,eth,Ethereum,True,2025_03_oneinchfusionv1settlementhack_sol,OneInchFusionV1SettlementHack.sol,Integer Overflow,huggingface:akshaynexus/DeFiHackLabs-Dataset,needs_manual_or_rpc_validation,staged_not_merged,
0x62d280abc60f8b604175ab24896c989e6092e496ac01f2f5399b2a62e9feaacf,eth,Ethereum,True,2022_04_akutarnft,AkutarNFT,"Denial of Service (DoS), Funds Locking",huggingface:akshaynexus/DeFiHackLabs-Dataset,needs_manual_or_rpc_validation,staged_not_merged,
0x62de91e9018405ff000000046e2ed2f457c41f38556ab0c2b1185cc9e6563d8d,eth,Ethereum,True,2026_01_makina,makina,Price Manipulation,huggingface:akshaynexus/DeFiHackLabs-Dataset,needs_manual_or_rpc_validation,staged_not_merged,
0x636be30e58acce0629b2bf975b5c3133840cd7d41ffc3b903720c528f01c65d9,eth,Ethereum,True,2024_08_convergence,Convergence,Integer Overflow/Underflow,huggingface:akshaynexus/DeFiHackLabs-Dataset,needs_manual_or_rpc_validation,staged_not_merged,
0x651ec4246f6e842692770a6ebd63396b4d62b52a3406522a02f182b8a16ba48c,eth,Ethereum,True,2022_09_badguysbyrpf,BadGuysbyRPF,Business Logic Flaw,huggingface:akshaynexus/DeFiHackLabs-Dataset,needs_manual_or_rpc_validation,staged_not_merged,
0x68cdec0ac76454c3b0f7af0b8a3895db00adf6daaf3b50a99716858c4fa54c6f,eth,Ethereum,True,2022_04_beanstalk,Beanstalk,Governance Attack,huggingface:akshaynexus/DeFiHackLabs-Dataset,needs_manual_or_rpc_validation,staged_not_merged,
0x692e284a3efd148d6dd23b44055740fac7154a482fbeff7f2cc4acf4002fa62d,eth,Ethereum,True,2021_07_chainswap_exp1,Chainswap exp1,Signature Replay,huggingface:akshaynexus/DeFiHackLabs-Dataset,needs_manual_or_rpc_validation,staged_not_merged,
0x69691b91227fa34a7a9a691d355fd6c466370928ddf3d50a347e894970f10079,eth,Ethereum,True,2022_09_badguysbyrpf,BadGuysbyRPF,Business Logic Flaw,huggingface:akshaynexus/DeFiHackLabs-Dataset,needs_manual_or_rpc_validation,staged_not_merged,
0x6b1d373ba0974d7e308529a62e41cec8bac6d71a57a1ba1b5c5bf82f6a9ea07a,eth,Ethereum,True,2025_05_corkprotocol,Corkprotocol,Reentrancy,huggingface:akshaynexus/DeFiHackLabs-Dataset,needs_manual_or_rpc_validation,staged_not_merged,
0x6b6ddbaaafc5f0580b670ad9d0913ca4c60df2753151a499117086aa725cf2c7,eth,Ethereum,True,2024_01_orbitchain,OrbitChain,Signature Replay/Forging,huggingface:akshaynexus/DeFiHackLabs-Dataset,needs_manual_or_rpc_validation,staged_not_merged,
0x6c879b1e8a0a62f23b47aa57a3369d416dd783966bd1dda0394c04163a98d8d8,eth,Ethereum,True,2018_04_smartmesh,SmartMesh,Signature Malleability,huggingface:akshaynexus/DeFiHackLabs-Dataset,needs_manual_or_rpc_validation,staged_not_merged,
0x6c8aed8d0eab29416cd335038cd5ee68c5e27bfb001c9eac7fc14c7075ed4420,eth,Ethereum,True,2025_03_uni,UNI,Logic Error,huggingface:akshaynexus/DeFiHackLabs-Dataset,needs_manual_or_rpc_validation,staged_not_merged,
0x6d5433e6010406ff00000004836c9007dbd73fcfc473190304c72b7e39babb91,eth,Ethereum,True,2026_01_makina,makina,Price Manipulation,huggingface:akshaynexus/DeFiHackLabs-Dataset,needs_manual_or_rpc_validation,staged_not_merged,
0x6ed07db1a9fe5c0794d44cd36081d6a6df103fab868cdd75d581e3bd23bc9742,eth,Ethereum,True,2025_11_balancerv2,BalancerV2,Logic Error,huggingface:akshaynexus/DeFiHackLabs-Dataset,needs_manual_or_rpc_validation,staged_not_merged,
0x7000000000000000000000000000000000000000000000000000000000000001,eth,Ethereum,True,2018_04_smartmesh,SmartMesh,Signature Malleability,huggingface:akshaynexus/DeFiHackLabs-Dataset,needs_manual_or_rpc_validation,staged_not_merged,
0x70a082310104ff0000000004fd5abf66b003881b88567eb9ed9c651f14dc4771,eth,Ethereum,True,2026_01_makina,makina,Price Manipulation,huggingface:akshaynexus/DeFiHackLabs-Dataset,needs_manual_or_rpc_validation,staged_not_merged,
0x71496352b02f974a3898c1b743e9fc2befb935e6c2a3e421134ec09b63052f4b,eth,Ethereum,True,2026_01_truebit,Truebit,Price Manipulation,huggingface:akshaynexus/DeFiHackLabs-Dataset,needs_manual_or_rpc_validation,staged_not_merged,
0x722f67f6f9536fa6bbf4af447250e84b8b9270b66195059c9904a0e249543e80,eth,Ethereum,True,2025_02_hegicoptions,HegicOptions,Logic Error,huggingface:akshaynexus/DeFiHackLabs-Dataset,needs_manual_or_rpc_validation,staged_not_merged,
0x725fa18d06acb4f6f8a5b143bca088d76f77d9531765dea6799b484373d0641b,eth,Ethereum,True,2024_01_orbitchain,OrbitChain,Signature Replay/Forging,huggingface:akshaynexus/DeFiHackLabs-Dataset,needs_manual_or_rpc_validation,staged_not_merged,
0x726459a46839c915ee2fb3d8de7f986e3c7391c605b7a622112161a84c7384d0,eth,Ethereum,True,2023_12_gooddollar,GoodDollar,Reentrancy,huggingface:akshaynexus/DeFiHackLabs-Dataset,needs_manual_or_rpc_validation,staged_not_merged,
0x739fe72bab59a2eead1e36fdf71441e0407332c508165e460a2cde5418858e1b,eth,Ethereum,True,2024_01_orbitchain,OrbitChain,Signature Replay/Forging,huggingface:akshaynexus/DeFiHackLabs-Dataset,needs_manual_or_rpc_validation,staged_not_merged,
0x75e3aeb00df69882a1b15d424e5e642650326ca3b923d7fd1922d57c51bc2c78,eth,Ethereum,True,2024_02_miner,Miner,Reentrancy/Callback Exploitation,huggingface:akshaynexus/DeFiHackLabs-Dataset,needs_manual_or_rpc_validation,staged_not_merged,
0x78299a273b7d50bcb1d75df1694be463b9cc66c6520026b785615c4594dbb1ba,eth,Ethereum,True,2022_09_badguysbyrpf,BadGuysbyRPF,Business Logic Flaw,huggingface:akshaynexus/DeFiHackLabs-Dataset,needs_manual_or_rpc_validation,staged_not_merged,
0x79ec728612867b3d82c0e7401e6ee1c533b240720c749b3968dea1464e59b2c4,eth,Ethereum,True,2022_10_teamfinance,TeamFinance,Integer Overflow/Underflow,huggingface:akshaynexus/DeFiHackLabs-Dataset,needs_manual_or_rpc_validation,staged_not_merged,
0x7ac4a98599596adbf12fffa2bd23e2a2d2ac7e8989b6ea043fcc412a29126555,eth,Ethereum,True,2023_10_wiselending,WiseLending,Precision Loss,huggingface:akshaynexus/DeFiHackLabs-Dataset,needs_manual_or_rpc_validation,staged_not_merged,
0x7acc896b8d82874c67127ff3359d7437a15fdb4229ed83da00da1f4d8370764e,eth,Ethereum,True,2024_02_gain,GAIN,Flash Loan Attack,huggingface:akshaynexus/DeFiHackLabs-Dataset,needs_manual_or_rpc_validation,staged_not_merged,
0x7b9ce0f78253f7dcf8bf6a2d7a4c38a151eba15eefe6b355a67a373653192765,eth,Ethereum,True,2021_07_chainswap_exp1,Chainswap exp1,Signature Replay,huggingface:akshaynexus/DeFiHackLabs-Dataset,needs_manual_or_rpc_validation,staged_not_merged,
0x7cd094bc34c6700090f88950ab0095a95eb0d54c8e5012f1f46266c8871027ff,eth,Ethereum,True,2022_06_xcarnival,XCarnival,Logic Error,huggingface:akshaynexus/DeFiHackLabs-Dataset,needs_manual_or_rpc_validation,staged_not_merged,
0x7e7f9548f301d3dd863eac94e6190cb742ab6aa9d7730549ff743bf84cbd21d1,eth,Ethereum,True,2024_09_penpiexyzio,Penpiexyzio,Improper Access Control,huggingface:akshaynexus/DeFiHackLabs-Dataset,needs_manual_or_rpc_validation,staged_not_merged,
0x7eff30a405cfce9989fe9d71e346d7b3616fa69b8251782898226268818f63fb,eth,Ethereum,True,2022_09_badguysbyrpf,BadGuysbyRPF,Business Logic Flaw,huggingface:akshaynexus/DeFiHackLabs-Dataset,needs_manual_or_rpc_validation,staged_not_merged,
0x8037b3dc0bf9d5d396c10506824096afb8125ea96ada011d35faa89fa3893aea,eth,Ethereum,True,2022_10_n00d,N00d,Reentrancy,huggingface:akshaynexus/DeFiHackLabs-Dataset,needs_manual_or_rpc_validation,staged_not_merged,
0x804ff3801542bff435a5d733f4d8a93a535d73d0de0f843fd979756a7eab26af,eth,Ethereum,True,2022_08_luckytiger,LuckyTiger,Unbounded Minting,huggingface:akshaynexus/DeFiHackLabs-Dataset,needs_manual_or_rpc_validation,staged_not_merged,
0x81e9918e248d14d78ff7b697355fd9f456c6d7881486ed14fdfb69db16631154,eth,Ethereum,True,2022_02_tecraspace,TecraSpace,Token Burning Manipulation,huggingface:akshaynexus/DeFiHackLabs-Dataset,needs_manual_or_rpc_validation,staged_not_merged,
0x842aae91c89a9e5043e64af34f53dc66daf0f033ad8afbf35ef0c93f99a9e5e6,eth,Ethereum,True,2025_10_mimspell3,MIMSpell3,Logic Error,huggingface:akshaynexus/DeFiHackLabs-Dataset,needs_manual_or_rpc_validation,staged_not_merged,
0x85dc2a433fd9eaadaf56fd8156c956da23fc17e5ef83955c7e2c4c37efa20bb5,eth,Ethereum,True,2020_09_bzx,bzx,Reentrancy,huggingface:akshaynexus/DeFiHackLabs-Dataset,needs_manual_or_rpc_validation,staged_not_merged,
0x872fcfcfd2e61ab5ec848f5e1a75b75f471bdb8c808c06388434e7179a9e40db,eth,Ethereum,True,2024_10_bubai,BUBAI,Reentrancy,huggingface:akshaynexus/DeFiHackLabs-Dataset,needs_manual_or_rpc_validation,staged_not_merged,
0x87790587c256045860b8fe624e5807a658424fad18c2348460e40ecf10fc8799,eth,Ethereum,True,2018_04_smartmesh,SmartMesh,Signature Malleability,huggingface:akshaynexus/DeFiHackLabs-Dataset,needs_manual_or_rpc_validation,staged_not_merged,
0x89ba58edaf9f40dc0c781c40351ba392be31263faa6be3a29c2ee152f271df6d,eth,Ethereum,True,2025_05_corkprotocol,Corkprotocol,Reentrancy,huggingface:akshaynexus/DeFiHackLabs-Dataset,needs_manual_or_rpc_validation,staged_not_merged,
0x8af9b5fb3e2e3df8659ffb2e0f0c1f4c90d5a80f4f6fccef143b823ce673fb60,eth,Ethereum,True,2023_10_astrid,Astrid,Reentrancy,huggingface:akshaynexus/DeFiHackLabs-Dataset,needs_manual_or_rpc_validation,staged_not_merged,
0x8b74995d1d61d3d7547575649136b8765acb22882960f0636941c44ec7bbe146,eth,Ethereum,True,2023_07_conic_exp2,Conic exp2,Logic Error,huggingface:akshaynexus/DeFiHackLabs-Dataset,needs_manual_or_rpc_validation,staged_not_merged,
0x8c6626860a4b2368ed8caf9fd5b14b90d151c3ca390b7aff38dfe7003b5d421d,eth,Ethereum,True,2026_01_makina,makina,Price Manipulation,huggingface:akshaynexus/DeFiHackLabs-Dataset,needs_manual_or_rpc_validation,staged_not_merged,
0x8d3036371ccf27579d3cb3d4b4b71e99334cae8d7e8088247517ec640c7a59a5,eth,Ethereum,True,2023_06_pawnfi,Pawnfi,Integer Overflow/Underflow,huggingface:akshaynexus/DeFiHackLabs-Dataset,needs_manual_or_rpc_validation,staged_not_merged,
0x8fffffffffffffffffffffffffffffffffffffffffffffffffffffffffffffff,eth,Ethereum,True,2018_04_smartmesh,SmartMesh,Signature Malleability,huggingface:akshaynexus/DeFiHackLabs-Dataset,needs_manual_or_rpc_validation,staged_not_merged,
0x900891b4540cac8443d6802a08a7a0562b5320444aa6d8eed19705ea6fb9710b,eth,Ethereum,True,2024_11_veth,vETH,Logic Error/Reentrancy,huggingface:akshaynexus/DeFiHackLabs-Dataset,needs_manual_or_rpc_validation,staged_not_merged,
0x903d88a92cbc0165a7f662305ac1bff97430dbcccaa0fe71e101e18aa9109c92,eth,Ethereum,True,2024_04_xbridge,XBridge,Improper Input Validation,huggingface:akshaynexus/DeFiHackLabs-Dataset,needs_manual_or_rpc_validation,staged_not_merged,
0x90b4fcf583444d44efb8625e6f253cfcb786d2f4eda7198bdab67a54108cd5f4,eth,Ethereum,True,2024_09_otseastaking,OTSeaStaking,Integer Overflow/Underflow,huggingface:akshaynexus/DeFiHackLabs-Dataset,needs_manual_or_rpc_validation,staged_not_merged,
0x90db330d9e46609c9d3712b60e64e32e3a4a2f31075674a58dd81181122352f8,eth,Ethereum,True,2024_11_veth,vETH,Logic Error/Reentrancy,huggingface:akshaynexus/DeFiHackLabs-Dataset,needs_manual_or_rpc_validation,staged_not_merged,
0x9194983a3dbfb5779c09c95f5d830d8435d9ce88b383752c3dfb8a1b84b8c9f5,eth,Ethereum,True,2023_12_time,TIME,Logic Error,huggingface:akshaynexus/DeFiHackLabs-Dataset,needs_manual_or_rpc_validation,staged_not_merged,
0x9235e0662e230bdfa94f56f4932fd09a95fea17e4b9b44a4f40a59449e216110,eth,Ethereum,True,2024_06_uwulend_second,UwuLend Second,Unsafe Withdraw,huggingface:akshaynexus/DeFiHackLabs-Dataset,needs_manual_or_rpc_validation,staged_not_merged,
0x923d1d63a1165ebd3521516f6d22d015f2e1b4b22d5dc954152b6c089c765fcd,eth,Ethereum,True,2024_03_unizenio,UnizenIO,Logic Error,huggingface:akshaynexus/DeFiHackLabs-Dataset,needs_manual_or_rpc_validation,staged_not_merged,
0x927b784148b60d5233e57287671cdf67d38e3e69e5b6d0ecacc7c1aeaa98985b,eth,Ethereum,True,2023_01_roefinance,RoeFinance,Flash Loan,huggingface:akshaynexus/DeFiHackLabs-Dataset,needs_manual_or_rpc_validation,staged_not_merged,
0x92cdcc732eebf47200ea56123716e337f6ef7d5ad714a2295794fdc6031ebb2e,eth,Ethereum,True,2024_07_doughfina,DoughFina,Integer Overflow,huggingface:akshaynexus/DeFiHackLabs-Dataset,needs_manual_or_rpc_validation,staged_not_merged,
0x93708ff3b6dcb272664acb22881510360a04ca1a0a05a8dda37d06ddc62e5bf0,eth,Ethereum,True,2025_04_laundromat,Laundromat,Logic Error/Reentrancy,huggingface:akshaynexus/DeFiHackLabs-Dataset,needs_manual_or_rpc_validation,staged_not_merged,
0x93a033917fcdbd5fe8ae24e9fe22f002949cba2f621a1c43a54f6519479caceb,eth,Ethereum,True,2023_07_civnft,CIVNFT,Access Control,huggingface:akshaynexus/DeFiHackLabs-Dataset,needs_manual_or_rpc_validation,staged_not_merged,
0x97a98e092a76c15cef3709df2776cf974e2519231e79c9ad97c15a1835c5c4be,eth,Ethereum,True,2022_09_badguysbyrpf,BadGuysbyRPF,Business Logic Flaw,huggingface:akshaynexus/DeFiHackLabs-Dataset,needs_manual_or_rpc_validation,staged_not_merged,
0x9a036058afb58169bfa91a826f5fcf4c0a376e650960669361d61bef99205f35,eth,Ethereum,True,2023_10_depayrouter,DePayRouter,Reentrancy,huggingface:akshaynexus/DeFiHackLabs-Dataset,needs_manual_or_rpc_validation,staged_not_merged,
0x9a97d85642f956ad7a6b852cf7bed6f9669e2c2815f3279855acf7f1328e7d46,eth,Ethereum,True,2022_12_rubic,Rubic,Arbitrary Call,huggingface:akshaynexus/DeFiHackLabs-Dataset,needs_manual_or_rpc_validation,staged_not_merged,
0x9b9a6dd05526a8a4b40e5e1a74a25df6ecccae6ee7bf045911ad89a1dd3f0814,eth,Ethereum,True,2025_03_alkimiya_io,Alkimiya io,Integer Overflow,huggingface:akshaynexus/DeFiHackLabs-Dataset,needs_manual_or_rpc_validation,staged_not_merged,
0x9c27d45c1daa943ce0b92a70ba5efa6ab34409b14b568146d2853c1ddaf14f82,eth,Ethereum,True,2025_02_hegicoptions,HegicOptions,Logic Error,huggingface:akshaynexus/DeFiHackLabs-Dataset,needs_manual_or_rpc_validation,staged_not_merged,
0x9ca27b8ec05746c43cd67e0099015ea9b88bdf34e8acfd6ace9dd63b8a320433,eth,Ethereum,True,2021_07_chainswap_exp1,Chainswap exp1,Signature Replay,huggingface:akshaynexus/DeFiHackLabs-Dataset,needs_manual_or_rpc_validation,staged_not_merged,
0x9d1351ca4ede8b36ca9cd9f9c46e3b08890d13d94dfd3074d9bb66bbcc2629b1,eth,Ethereum,True,2024_01_orbitchain,OrbitChain,Signature Replay/Forging,huggingface:akshaynexus/DeFiHackLabs-Dataset,needs_manual_or_rpc_validation,staged_not_merged,
0x9dbf0326a03a2a3719c27be4fa69aacc9857fd231a8d9dcaede4bb083def75ec,eth,Ethereum,True,2017_07_parity_first_hack,Parity first hack,Reentrancy,huggingface:akshaynexus/DeFiHackLabs-Dataset,needs_manual_or_rpc_validation,staged_not_merged,
0x9e074d70e4f9022cba33c1417a6f6338d8248b67d6141c9a32913ca567d0efca,eth,Ethereum,True,2024_09_doggo,DOGGO,Flash Loan Attack,huggingface:akshaynexus/DeFiHackLabs-Dataset,needs_manual_or_rpc_validation,staged_not_merged,
0xa02b159fb438c8f0fb2a8d90bc70d8b2273d06b55920b26f637cab072b7a0e3e,eth,Ethereum,True,2025_07_swappstaking,SWAPPStaking,Improper Access Control,huggingface:akshaynexus/DeFiHackLabs-Dataset,needs_manual_or_rpc_validation,staged_not_merged,
0xa17001eb39f867b8bed850de9107018a2d2503f95f15e4dceb7d68fff5ef6d9d,eth,Ethereum,True,2026_03_alkemiearn,AlkemiEarn,Improper Input Validation,huggingface:akshaynexus/DeFiHackLabs-Dataset,needs_manual_or_rpc_validation,staged_not_merged,
0xa3299324d1c59598e0dfa68de8d8c03d7492d88f6068cdd633a74eb9212e19e5,eth,Ethereum,True,2022_09_badguysbyrpf,BadGuysbyRPF,Business Logic Flaw,huggingface:akshaynexus/DeFiHackLabs-Dataset,needs_manual_or_rpc_validation,staged_not_merged,
0xa329b27fbe0f7b7f92060a9e5370fdf03d60e5c4835f09d7234e5bbecf417ccf,eth,Ethereum,True,2023_12_floorprotocol,FloorProtocol,Reentrancy,huggingface:akshaynexus/DeFiHackLabs-Dataset,needs_manual_or_rpc_validation,staged_not_merged,
0xa3cbbdd2494f6d5452de8edc5c8c32f316abc40140a63769a22e04cd2549963b,eth,Ethereum,True,2022_10_teamfinance,TeamFinance,Integer Overflow/Underflow,huggingface:akshaynexus/DeFiHackLabs-Dataset,needs_manual_or_rpc_validation,staged_not_merged,
0xa4659632a983b3bfd1b6248fd52d8f247a9fcdc1915f7d38f01008cff285d0bf,eth,Ethereum,True,2023_09_quantumwn,QuantumWN,Reentrancy,huggingface:akshaynexus/DeFiHackLabs-Dataset,needs_manual_or_rpc_validation,staged_not_merged,
0xa4d7ee2ddb9db06961a17e2a5ae71743a266bcb720be138670f4a10e8dfc13e9,eth,Ethereum,True,2024_02_swarmmarkets,SwarmMarkets,Improper Access Control,huggingface:akshaynexus/DeFiHackLabs-Dataset,needs_manual_or_rpc_validation,staged_not_merged,
0xa57ec56af91ec70517ca71ca50101958d9c2ec9fdb61edcf35a9081c375725c2,eth,Ethereum,True,2025_07_unverified_54cd,unverified 54cd,Reentrancy,huggingface:akshaynexus/DeFiHackLabs-Dataset,needs_manual_or_rpc_validation,staged_not_merged,
0xa5fe9d044e4f3e5aa5bc4c0709333cd2190cba0f4e7f16bcf73f49f83e4a5460,eth,Ethereum,True,2022_08_nomadbridge,NomadBridge,Reentrancy,huggingface:akshaynexus/DeFiHackLabs-Dataset,needs_manual_or_rpc_validation,staged_not_merged,
0xa7a3f0f3dbca12895d1f9424e8d0a924d50c92edfec3f817082763f73cb4cd5a,eth,Ethereum,True,2026_01_makina,makina,Price Manipulation,huggingface:akshaynexus/DeFiHackLabs-Dataset,needs_manual_or_rpc_validation,staged_not_merged,
0xa844d117805bbe3b276c37582fc1f960b5870ccd0d1016ec39a2b32a5bc780cf,eth,Ethereum,True,2025_04_laundromat,Laundromat,Logic Error/Reentrancy,huggingface:akshaynexus/DeFiHackLabs-Dataset,needs_manual_or_rpc_validation,staged_not_merged,
0xaa9a091201050408ff000000836c9007dbd73fcfc473190304c72b7e39babb91,eth,Ethereum,True,2026_01_makina,makina,Price Manipulation,huggingface:akshaynexus/DeFiHackLabs-Dataset,needs_manual_or_rpc_validation,staged_not_merged,
0xaa9a091201060408ff000001836c9007dbd73fcfc473190304c72b7e39babb91,eth,Ethereum,True,2026_01_makina,makina,Price Manipulation,huggingface:akshaynexus/DeFiHackLabs-Dataset,needs_manual_or_rpc_validation,staged_not_merged,
0xaa9a091201070408ff000002836c9007dbd73fcfc473190304c72b7e39babb91,eth,Ethereum,True,2026_01_makina,makina,Price Manipulation,huggingface:akshaynexus/DeFiHackLabs-Dataset,needs_manual_or_rpc_validation,staged_not_merged,
0xabfcfaf3620bbb2d41a3ffea6e31e93b9b5f61c061b9cfc5a53c74ebe890294d,eth,Ethereum,True,2022_06_xcarnival,XCarnival,Logic Error,huggingface:akshaynexus/DeFiHackLabs-Dataset,needs_manual_or_rpc_validation,staged_not_merged,
0xad89ff16fd1ebe3a0a7cf4ed282302c06626c1af33221ebe0d3a470aba4a660f,eth,Ethereum,True,2018_04_bec,BEC,Integer Overflow,huggingface:akshaynexus/DeFiHackLabs-Dataset,needs_manual_or_rpc_validation,staged_not_merged,
0xae44b282d93e68621a7e6efa1e9b9893cc74b52a65196a60693a9e325c0fc401,eth,Ethereum,True,2026_01_makina,makina,Price Manipulation,huggingface:akshaynexus/DeFiHackLabs-Dataset,needs_manual_or_rpc_validation,staged_not_merged,
0xae7d664bdfcc54220df4f18d339005c6faf6e62c9ca79c56387bc0389274363b,eth,Ethereum,True,2020_04_lendfme,LendfMe,Reentrancy,huggingface:akshaynexus/DeFiHackLabs-Dataset,needs_manual_or_rpc_validation,staged_not_merged,
0xb281fc8c12954d22544db45de3159a39272895b169a852b314f9cc762e44c53b,eth,Ethereum,True,2022_03_bacon,Bacon,Reentrancy,huggingface:akshaynexus/DeFiHackLabs-Dataset,needs_manual_or_rpc_validation,staged_not_merged,
0xb297db4d926f0ebc26e098afcefa63d1d86d2e047ecbc36357192ef5240ea0ea,eth,Ethereum,True,2022_09_badguysbyrpf,BadGuysbyRPF,Business Logic Flaw,huggingface:akshaynexus/DeFiHackLabs-Dataset,needs_manual_or_rpc_validation,staged_not_merged,
0xb2e3ea72d353da43a2ac9a8f1670fd16463ab370e563b9b5b26119b2601277ce,eth,Ethereum,True,2022_10_teamfinance,TeamFinance,Integer Overflow/Underflow,huggingface:akshaynexus/DeFiHackLabs-Dataset,needs_manual_or_rpc_validation,staged_not_merged,
0xb54308956e58fc124503e01eaae153e54eb738fd188e476460dba78e61793b45,eth,Ethereum,True,2025_05_corkprotocol,Corkprotocol,Reentrancy,huggingface:akshaynexus/DeFiHackLabs-Dataset,needs_manual_or_rpc_validation,staged_not_merged,
0xb5cfa3f86ce9506e2364475dc43c44de444b079d4752edbffcdad7d1654b1f67,eth,Ethereum,True,2025_06_gradientmakerpool,GradientMakerPool,Imbalanced Liquidity Provision,huggingface:akshaynexus/DeFiHackLabs-Dataset,needs_manual_or_rpc_validation,staged_not_merged,
0xb613c68b00c532fe9b28a50a91c021d61a98d907d0217ab9b44cd8d6ae441d9f,eth,Ethereum,True,2022_09_badguysbyrpf,BadGuysbyRPF,Business Logic Flaw,huggingface:akshaynexus/DeFiHackLabs-Dataset,needs_manual_or_rpc_validation,staged_not_merged,
0xb875ced562ca82ce114152c899bbd085d230a17be452243fda43bf995774243e,eth,Ethereum,True,2022_09_badguysbyrpf,BadGuysbyRPF,Business Logic Flaw,huggingface:akshaynexus/DeFiHackLabs-Dataset,needs_manual_or_rpc_validation,staged_not_merged,
0xb93506af8f1a39f6a31e2d34f5f6a262c2799fef6e338640f42ab8737ed3d8a4,eth,Ethereum,True,2026_03_curve_llamalend,Curve LlamaLend,Flash Loan Attack,huggingface:akshaynexus/DeFiHackLabs-Dataset,needs_manual_or_rpc_validation,staged_not_merged,
0xbeefd8faba2aa82704afe821fd41b670319203dd9090f7af8affdf6bcfec2d61,eth,Ethereum,True,2024_02_deeznutz404,DeezNutz404,Reentrancy,huggingface:akshaynexus/DeFiHackLabs-Dataset,needs_manual_or_rpc_validation,staged_not_merged,
0xbf5b2d22fa88965ddfc6e6d685fc7cfc683340c49e126386759ed9e4027b1415,eth,Ethereum,True,2023_11_rbalancer,RBalancer,Reentrancy,huggingface:akshaynexus/DeFiHackLabs-Dataset,needs_manual_or_rpc_validation,staged_not_merged,
0xbf97f0d554ad3b05a210efb4de2a4930747e423e87b1fb139b63fcc94f17e286,eth,Ethereum,True,2026_01_makina,makina,Price Manipulation,huggingface:akshaynexus/DeFiHackLabs-Dataset,needs_manual_or_rpc_validation,staged_not_merged,
0xc42fe1ce2516e125a386d198703b2422aa0190b25ef6a7b0a1d3c6f5d199ffad,eth,Ethereum,True,2023_09_uniclynft,uniclyNFT,Reentrancy,huggingface:akshaynexus/DeFiHackLabs-Dataset,needs_manual_or_rpc_validation,staged_not_merged,
0xc4ef3b5e39d862ffcb8ff591fbb587f89d9d4ab56aec70cfb15831782239c0ce,eth,Ethereum,True,2025_06_aaveboost,AAVEBoost,Reentrancy,huggingface:akshaynexus/DeFiHackLabs-Dataset,needs_manual_or_rpc_validation,staged_not_merged,
0xc6c3331fa8c2d30e1ef208424c08c039a89e510df2fb6ae31e5aa40722e28fd6,eth,Ethereum,True,2024_01_socketgateway,SocketGateway,Reentrancy,huggingface:akshaynexus/DeFiHackLabs-Dataset,needs_manual_or_rpc_validation,staged_not_merged,
0xc7477d6a5c63b04d37a39038a28b4cbaa06beb167e390d55ad4a421dbe4067f8,eth,Ethereum,True,2025_08_sizecredit,SizeCredit,Arbitrary Call,huggingface:akshaynexus/DeFiHackLabs-Dataset,needs_manual_or_rpc_validation,staged_not_merged,
0xcc2b27d7810406ff000000845a6a4d54456819380173272a5e8e9b9904bdf41b,eth,Ethereum,True,2026_01_makina,makina,Price Manipulation,huggingface:akshaynexus/DeFiHackLabs-Dataset,needs_manual_or_rpc_validation,staged_not_merged,
0xcd4755645595094a8ab984d0db7e3b4aabde72a5c87c4f176a030629c47fb014,eth,Ethereum,True,2026_01_truebit,Truebit,Price Manipulation,huggingface:akshaynexus/DeFiHackLabs-Dataset,needs_manual_or_rpc_validation,staged_not_merged,
0xce5c61c22a5d840c02b32aaebf73c9bc3c3d71c49f22b22c4f3cae4aa1fd557b,eth,Ethereum,True,2022_09_badguysbyrpf,BadGuysbyRPF,Business Logic Flaw,huggingface:akshaynexus/DeFiHackLabs-Dataset,needs_manual_or_rpc_validation,staged_not_merged,
0xcff84cc137c92e427f720ca1f2b36fbad793f34ec5117eed127060686e6797b1,eth,Ethereum,True,2023_06_compounderfinance,CompounderFinance,Logic Error,huggingface:akshaynexus/DeFiHackLabs-Dataset,needs_manual_or_rpc_validation,staged_not_merged,
0xd044373fa377c3af4a854829176d14eebc23d96c342401b294f3491f0616559c,eth,Ethereum,True,2023_07_azukidao,AzukiDAO,Signature Replay,huggingface:akshaynexus/DeFiHackLabs-Dataset,needs_manual_or_rpc_validation,staged_not_merged,
0xd155207261712c35fa3d472ed1e51bfcd816e616dd4f517fa5959836f5b48569,eth,Ethereum,True,2025_11_balancerv2,BalancerV2,Logic Error,huggingface:akshaynexus/DeFiHackLabs-Dataset,needs_manual_or_rpc_validation,staged_not_merged,
0xd20b3b31a682322eb0698ecd67a6d8a040ccea653ba429ec73e3584fa176ff2b,eth,Ethereum,True,2024_10_firetoken,FireToken,Reentrancy,huggingface:akshaynexus/DeFiHackLabs-Dataset,needs_manual_or_rpc_validation,staged_not_merged,
0xd284a1831379548ff6bb0b5ad75ce8d0d1fea1cdc7b40b5f8d2e2307c9eda32c,eth,Ethereum,True,2022_09_badguysbyrpf,BadGuysbyRPF,Business Logic Flaw,huggingface:akshaynexus/DeFiHackLabs-Dataset,needs_manual_or_rpc_validation,staged_not_merged,
0xd4b7fd0617b28e1eeb018e1dbf924e662d1a0520cad96af2fcf496e16f4c58c6,eth,Ethereum,True,2024_01_orbitchain,OrbitChain,Signature Replay/Forging,huggingface:akshaynexus/DeFiHackLabs-Dataset,needs_manual_or_rpc_validation,staged_not_merged,
0xd55e43c1602b28d4fd4667ee445d570c8f298f5401cf04e62ec329759ecda95d,eth,Ethereum,True,2023_04_yearnfinance,YearnFinance,Price Manipulation,huggingface:akshaynexus/DeFiHackLabs-Dataset,needs_manual_or_rpc_validation,staged_not_merged,
0xd7b3de3e1198ad3c53db7b873132bd16741f130d8fe73e801b281182cc3da487,eth,Ethereum,True,2025_04_laundromat,Laundromat,Logic Error/Reentrancy,huggingface:akshaynexus/DeFiHackLabs-Dataset,needs_manual_or_rpc_validation,staged_not_merged,
0xd82fe84e63b1aa52e1ce540582ee0895ba4a71ec5e7a632a3faa1aff3e763873,eth,Ethereum,True,2024_07_lifiprotocol,Lifiprotocol,Reentrancy,huggingface:akshaynexus/DeFiHackLabs-Dataset,needs_manual_or_rpc_validation,staged_not_merged,
0xd9fdc7d03eec28fc2453c5fa68eff82d4c297f436a6a5470c54ca3aecd2db17e,eth,Ethereum,True,2024_10_sashatoken,SASHAToken,Price Manipulation,huggingface:akshaynexus/DeFiHackLabs-Dataset,needs_manual_or_rpc_validation,staged_not_merged,
0xdacf5fa19b1f720111609043ac67a9818262850c000000000000000000000635,eth,Ethereum,True,2025_11_balancerv2,BalancerV2,Logic Error,huggingface:akshaynexus/DeFiHackLabs-Dataset,needs_manual_or_rpc_validation,staged_not_merged,
0xdaf42127499f878b62fc5ba2103135de1c36e1646487cee309c077296814f5ff,eth,Ethereum,True,2025_01_unilend,Unilend,Integer Overflow/Underflow,huggingface:akshaynexus/DeFiHackLabs-Dataset,needs_manual_or_rpc_validation,staged_not_merged,
0xdd3a0e9477d9e2f82be3b891061fb1d435839c670ff6aa61183f5ee01d52d3b6,eth,Ethereum,True,2025_04_laundromat,Laundromat,Logic Error/Reentrancy,huggingface:akshaynexus/DeFiHackLabs-Dataset,needs_manual_or_rpc_validation,staged_not_merged,
0xddaef0451b6c22a35bc641cd5f66aae904351f8adca3e588f0385d9d0bec542f,eth,Ethereum,True,2025_04_laundromat,Laundromat,Logic Error/Reentrancy,huggingface:akshaynexus/DeFiHackLabs-Dataset,needs_manual_or_rpc_validation,staged_not_merged,
0xdecb2622da70fee1c343b93dc946eb855fd32c59b293c0765cb94a71e62aeff3,eth,Ethereum,True,2024_01_orbitchain,OrbitChain,Signature Replay/Forging,huggingface:akshaynexus/DeFiHackLabs-Dataset,needs_manual_or_rpc_validation,staged_not_merged,
0xe06c17f1a6630bfa47f0fe0cfba02f40f0901e2412713e4c7f46ae17a25dc92c,eth,Ethereum,True,2024_01_orbitchain,OrbitChain,Signature Replay/Forging,huggingface:akshaynexus/DeFiHackLabs-Dataset,needs_manual_or_rpc_validation,staged_not_merged,
0xe09d350d8574ac1728ab5797e3aa46841f6c97239940db010943f23ad4acf7ae,eth,Ethereum,True,2024_04_xbridge,XBridge,Improper Input Validation,huggingface:akshaynexus/DeFiHackLabs-Dataset,needs_manual_or_rpc_validation,staged_not_merged,
0xe0bada18fdc56dec125c31b1636490f85ba66016318060a066ed7050ff7271f9,eth,Ethereum,True,2024_01_orbitchain,OrbitChain,Signature Replay/Forging,huggingface:akshaynexus/DeFiHackLabs-Dataset,needs_manual_or_rpc_validation,staged_not_merged,
0xe3eab35b288c086afa9b86a97ab93c7bb61d21b1951a156d2a8f6f5d5715c475,eth,Ethereum,True,2025_11_drlvaultv3,DRLVaultV3,Reentrancy,huggingface:akshaynexus/DeFiHackLabs-Dataset,needs_manual_or_rpc_validation,staged_not_merged,
0xe3f0d14cfb6076cabdc9057001c3fafe28767a192e88005bc37bd7d385a1116a,eth,Ethereum,True,2023_03_paraspace_exp_2,Paraspace exp 2,Oracle Manipulation,huggingface:akshaynexus/DeFiHackLabs-Dataset,needs_manual_or_rpc_validation,staged_not_merged,
0xe72d4e7ba9b5af0cf2a8cfb1e30fd9f388df0ab3da79790be842bfbed11087b0,eth,Ethereum,True,2020_11_pickle,Pickle,Arbitrary Call,huggingface:akshaynexus/DeFiHackLabs-Dataset,needs_manual_or_rpc_validation,staged_not_merged,
0xe89305151bbec931414ab9693bf886cf3b96dba00ca338b1c0aaae911b6dff35,eth,Ethereum,True,2022_09_badguysbyrpf,BadGuysbyRPF,Business Logic Flaw,huggingface:akshaynexus/DeFiHackLabs-Dataset,needs_manual_or_rpc_validation,staged_not_merged,
0xe8cee3450545a865b4a8fffd93938ae93429574dc8e01b02bc6a02f2f4490e4e,eth,Ethereum,True,2024_09_hanatoken,HANAToken,Flash Loan Attack,huggingface:akshaynexus/DeFiHackLabs-Dataset,needs_manual_or_rpc_validation,staged_not_merged,
0xe8f17ee00906cd0cfb61671937f11bd3d26cdc47c1534fedc43163a7e89edc6f,eth,Ethereum,True,2022_10_teamfinance,TeamFinance,Integer Overflow/Underflow,huggingface:akshaynexus/DeFiHackLabs-Dataset,needs_manual_or_rpc_validation,staged_not_merged,
0xeb87ebc0a18aca7d2a9ffcabf61aa69c9e8d3c6efade9e2303f8857717fb9eb7,eth,Ethereum,True,2023_06_sturdy,Sturdy,Reentrancy,huggingface:akshaynexus/DeFiHackLabs-Dataset,needs_manual_or_rpc_validation,staged_not_merged,
0xec7523660f8b66d9e4a5931d97ad8b30acc679c973b20038ba4c15d4336b393d,eth,Ethereum,True,2023_12_pineprotocol,PineProtocol,Flash Loan Attack,huggingface:akshaynexus/DeFiHackLabs-Dataset,needs_manual_or_rpc_validation,staged_not_merged,
0xec75bb553f50af37f8dd8f4b1e2bfe4703b27f586187741b91db770ad9b230cb,eth,Ethereum,True,2022_10_teamfinance,TeamFinance,Integer Overflow/Underflow,huggingface:akshaynexus/DeFiHackLabs-Dataset,needs_manual_or_rpc_validation,staged_not_merged,
0xec8f6d8e114caf8425736e0a3d5be2f93bbea6c01a50a7eeb3d61d2634927b40,eth,Ethereum,True,2023_12_floorprotocol,FloorProtocol,Reentrancy,huggingface:akshaynexus/DeFiHackLabs-Dataset,needs_manual_or_rpc_validation,staged_not_merged,
0xec91250cc040f420bdd11eb4b77cbf1d659ed043e88dbe49b392d44a85453e04,eth,Ethereum,True,2025_04_laundromat,Laundromat,Logic Error/Reentrancy,huggingface:akshaynexus/DeFiHackLabs-Dataset,needs_manual_or_rpc_validation,staged_not_merged,
0xecdd111a60debfadc6533de30fb7f55dc5ceed01dfadd30e4a7ebdb416d2f6b6,eth,Ethereum,True,2023_12_time,TIME,Logic Error,huggingface:akshaynexus/DeFiHackLabs-Dataset,needs_manual_or_rpc_validation,staged_not_merged,
0xed26708a7335116bdb0673f32ace7c2f329fe3cd349e200447210f1721f335f0,eth,Ethereum,True,2022_08_nomadbridge,NomadBridge,Reentrancy,huggingface:akshaynexus/DeFiHackLabs-Dataset,needs_manual_or_rpc_validation,staged_not_merged,
0xedc214a62ff6fd764200ddaa8ceae54f842279eadab80900be5f29d0b75212df,eth,Ethereum,True,2023_05_hodlcapital,HODLCapital,Token Inflation,huggingface:akshaynexus/DeFiHackLabs-Dataset,needs_manual_or_rpc_validation,staged_not_merged,
0xede17ea0feb39c3e2c3b900b4a95f239f010c251afb46a89984d868151c5b209,eth,Ethereum,True,2026_01_makina,makina,Price Manipulation,huggingface:akshaynexus/DeFiHackLabs-Dataset,needs_manual_or_rpc_validation,staged_not_merged,
0xee17656e8a839ac096dd5905744ada01278fc49b978260e9e3ddd92223cc18d7,eth,Ethereum,True,2022_09_badguysbyrpf,BadGuysbyRPF,Business Logic Flaw,huggingface:akshaynexus/DeFiHackLabs-Dataset,needs_manual_or_rpc_validation,staged_not_merged,
0xeef10fc5170f669b86c4cd0444882a96087221325f8bf2f55d6188633aa7be7c,eth,Ethereum,True,2017_07_parity_first_hack,Parity first hack,Reentrancy,huggingface:akshaynexus/DeFiHackLabs-Dataset,needs_manual_or_rpc_validation,staged_not_merged,
0xef34f4fdf03e403e3c94e96539354fb4fe0b79a5ec927eacc63bc04108dbf420,eth,Ethereum,True,2025_01_lauratoken,LAURAToken,Logic Error,huggingface:akshaynexus/DeFiHackLabs-Dataset,needs_manual_or_rpc_validation,staged_not_merged,
0xefa9c4383dc58e492cd1c670d2661968db28fa7557b9c8f90685e5a6cbbf41fe,eth,Ethereum,True,2025_01_unilend,Unilend,Integer Overflow/Underflow,huggingface:akshaynexus/DeFiHackLabs-Dataset,needs_manual_or_rpc_validation,staged_not_merged,
0xf0464b01d962f714eee9d4392b2494524d0e10ce3eb3723873afd1346b8b06e4,eth,Ethereum,True,2024_02_blueberryprotocol,BlueberryProtocol,Insufficient Collateral Validation,huggingface:akshaynexus/DeFiHackLabs-Dataset,needs_manual_or_rpc_validation,staged_not_merged,
0xf1d81597f32c9376e90d22b9a1f121f1a99a1c191f8e930ed0de6df7b759a154,eth,Ethereum,True,2024_01_orbitchain,OrbitChain,Signature Replay/Forging,huggingface:akshaynexus/DeFiHackLabs-Dataset,needs_manual_or_rpc_validation,staged_not_merged,
0xf326b46750aa6deec7344bb6f7243a395bcfde2680300e16f1bbff78672cbf3c,eth,Ethereum,True,2026_01_makina,makina,Price Manipulation,huggingface:akshaynexus/DeFiHackLabs-Dataset,needs_manual_or_rpc_validation,staged_not_merged,
0xf4f254c3c6b64ded778b5af292c6ab6ed886c1bdd8988510bdc0ca0cf7f9857e,eth,Ethereum,True,2023_12_pineprotocol,PineProtocol,Flash Loan Attack,huggingface:akshaynexus/DeFiHackLabs-Dataset,needs_manual_or_rpc_validation,staged_not_merged,
0xf7c21600452939a81b599017ee24ee0dfd92aaaccd0a55d02819a7658a6ef635,eth,Ethereum,True,2023_11_onyxprotocol,OnyxProtocol,Liquidation Abuse,huggingface:akshaynexus/DeFiHackLabs-Dataset,needs_manual_or_rpc_validation,staged_not_merged,
0xf7f60c98b04d45c371bcccf6aa12ebcd844fca6b17e7cd77503d6159d60a1aaa,eth,Ethereum,True,2024_01_orbitchain,OrbitChain,Signature Replay/Forging,huggingface:akshaynexus/DeFiHackLabs-Dataset,needs_manual_or_rpc_validation,staged_not_merged,
0xfa352d6368bbc643bcf9d528ffaba5dd3e826137bc42f935045c6c227bd4c72a,eth,Ethereum,True,2021_08_cream,Cream,Reentrancy,huggingface:akshaynexus/DeFiHackLabs-Dataset,needs_manual_or_rpc_validation,staged_not_merged,
0xfab5912f858b3768b7b7d312abcc02b64af7b1e1b62c4f29a2c1a2d1568e9fa2,eth,Ethereum,True,2024_11_mainnetsettler,MainnetSettler,Arbitrary Call,huggingface:akshaynexus/DeFiHackLabs-Dataset,needs_manual_or_rpc_validation,staged_not_merged,
0xfb9942a119c45adab3980639cd829e57b41449e3b82d610892da4bb921e81d9c,eth,Ethereum,True,2023_12_floorprotocol,FloorProtocol,Reentrancy,huggingface:akshaynexus/DeFiHackLabs-Dataset,needs_manual_or_rpc_validation,staged_not_merged,
0xfd89cdd0be468a564dd525b222b728386d7c6780cf7b2f90d2b54493be09f64d,eth,Ethereum,True,2025_05_corkprotocol,Corkprotocol,Reentrancy,huggingface:akshaynexus/DeFiHackLabs-Dataset,needs_manual_or_rpc_validation,staged_not_merged,
0xfde10ad92566f369b23ed5135289630b7a6453887c77088794552c2a3d1ce8b7,eth,Ethereum,True,2023_01_qtn,QTN,Logic Error,huggingface:akshaynexus/DeFiHackLabs-Dataset,needs_manual_or_rpc_validation,staged_not_merged,
0xff7c705149017ce467d05717eadb0a2718aedc7a1799ad153d05e8fc48be853e,eth,Ethereum,True,2024_01_orbitchain,OrbitChain,Signature Replay/Forging,huggingface:akshaynexus/DeFiHackLabs-Dataset,needs_manual_or_rpc_validation,staged_not_merged,
0xfffffffffffffffffffffffffffffffffffffffffffffffffffffffffffffe00,eth,Ethereum,True,2025_03_oneinchfusionv1settlementhack_sol,OneInchFusionV1SettlementHack.sol,Integer Overflow,huggingface:akshaynexus/DeFiHackLabs-Dataset,needs_manual_or_rpc_validation,staged_not_merged,
0xffffffffffffffffffffffffffffffffffffffffffffffffffffffffffffffff,eth,Ethereum,True,2026_01_makina,makina,Price Manipulation,huggingface:akshaynexus/DeFiHackLabs-Dataset,needs_manual_or_rpc_validation,staged_not_merged,
0x534b84f657883ddc1b66a314e8b392feb35024afdec61dfe8e7c510cfac1a098,gnosis,Gnosis,True,2022_03_hundredfinance,HundredFinance,Reentrancy,huggingface:akshaynexus/DeFiHackLabs-Dataset,needs_manual_or_rpc_validation,staged_not_merged,
0xb3c4c313a8d3e2843c9e6e313b199d7339211cdc70c2eca9f4d88b1e155fd6bd,mantle,Mantle,False,2024_07_minterest,Minterest,Flash Loan Attack,huggingface:akshaynexus/DeFiHackLabs-Dataset,needs_manual_or_rpc_validation,staged_not_merged,Unsupported or unmapped chain: Mantle
0x0053490215baf541362fc78be0de98e3147f40223238d5b12512b3e26c0a2c2f,polygon,Polygon,True,2023_01_midas,Midas,Reentrancy,huggingface:akshaynexus/DeFiHackLabs-Dataset,needs_manual_or_rpc_validation,staged_not_merged,
0x051f80a7ef69e1ffad889ec7e1f7d29a9e80883156b5c8528438b5bb8b7a689a,polygon,Polygon,True,2023_05_lfi,LFI,Reentrancy,huggingface:akshaynexus/DeFiHackLabs-Dataset,needs_manual_or_rpc_validation,staged_not_merged,
0x31957ecc43774d19f54d9968e95c69c882468b46860f921668f2c55fadd51b19,polygon,Polygon,True,2023_02_bonqdao,BonqDAO,Price Oracle Manipulation,huggingface:akshaynexus/DeFiHackLabs-Dataset,needs_manual_or_rpc_validation,staged_not_merged,
0x554c9e4067e3bc0201ba06fc2cfeeacd178d7dd9c69f9b211bc661bb11296fde,polygon,Polygon,True,2024_12_btc24h,BTC24H,Access Control,huggingface:akshaynexus/DeFiHackLabs-Dataset,needs_manual_or_rpc_validation,staged_not_merged,
0x6338aaa7df91e7136c9f494dfea2c5309dae7c1575815f015f1e9e94be6759d5,polygon,Polygon,True,2023_02_bonqdao,BonqDAO,Price Oracle Manipulation,huggingface:akshaynexus/DeFiHackLabs-Dataset,needs_manual_or_rpc_validation,staged_not_merged,
0x6fa6374d43df083679cdab97149af8207cda2471620a06d3f28b115136b8e2c4,polygon,Polygon,True,2023_03_phoenix,Phoenix,Access Control,huggingface:akshaynexus/DeFiHackLabs-Dataset,needs_manual_or_rpc_validation,staged_not_merged,
0x7320accea0ef1d7abca8100c82223533b624c82d3e8d445954731495d4388483,polygon,Polygon,True,2023_07_libertify,Libertify,Reentrancy,huggingface:akshaynexus/DeFiHackLabs-Dataset,needs_manual_or_rpc_validation,staged_not_merged,
0x96d80c609f7a39b45f2bb581c6ba23402c20c2b6cd528317692c31b8d3948328,polygon,Polygon,True,2023_09_firebirdpair,FireBirdPair,Logic Error,huggingface:akshaynexus/DeFiHackLabs-Dataset,needs_manual_or_rpc_validation,staged_not_merged,
0xa02d0c3d16d6ee0e0b6a42c3cc91997c2b40c87d777136dedebe8ee0f47f32b1,polygon,Polygon,True,2023_02_bonqdao,BonqDAO,Price Oracle Manipulation,huggingface:akshaynexus/DeFiHackLabs-Dataset,needs_manual_or_rpc_validation,staged_not_merged,
0xb8efe839da0c89daa763f39f30577dc21937ae351c6f99336a0017e63d387558,polygon,Polygon,True,2022_10_market,Market,Reentrancy,huggingface:akshaynexus/DeFiHackLabs-Dataset,needs_manual_or_rpc_validation,staged_not_merged,
0xdd82fde0cc2fb7bdc078aead655f6d5e75a267a47c33fa92b658e3573b93ef0c,polygon,Polygon,True,2023_05_lfi,LFI,Reentrancy,huggingface:akshaynexus/DeFiHackLabs-Dataset,needs_manual_or_rpc_validation,staged_not_merged,
0xde51af983193b1be3844934b2937a76c19610ddefcdd3ffcf127db3e68749a50,polygon,Polygon,True,2024_02_smoofsstaking,SMOOFSStaking,Economic Drain,huggingface:akshaynexus/DeFiHackLabs-Dataset,needs_manual_or_rpc_validation,staged_not_merged,
